Time,Driver,DriverNumber,LapTime,LapNumber,Stint,PitOutTime,PitInTime,Sector1Time,Sector2Time,Sector3Time,Sector1SessionTime,Sector2SessionTime,Sector3SessionTime,SpeedI1,SpeedI2,SpeedFL,SpeedST,IsPersonalBest,Compound,TyreLife,FreshTyre,Team,LapStartTime,LapStartDate,TrackStatus,Position,Deleted,DeletedReason,FastF1Generated,IsAccurate,LapTimeSec
0 days 01:03:27.435000,VER,1,0 days 00:01:24.238000,1.0,1.0,,,,0 days 00:00:37.420000,0 days 00:00:21.053000,,0 days 01:03:06.559000,0 days 01:03:27.543000,178.0,182.0,255.0,271.0,False,MEDIUM,1.0,True,Red Bull Racing,0 days 01:02:02.950000,,12,1.0,,,False,False,84.238
0 days 01:04:46.802000,VER,1,0 days 00:01:19.367000,2.0,1.0,,,0 days 00:00:20.954000,0 days 00:00:37.366000,0 days 00:00:21.047000,0 days 01:03:48.412000,0 days 01:04:25.778000,0 days 01:04:46.825000,186.0,182.0,256.0,259.0,True,MEDIUM,2.0,True,Red Bull Racing,0 days 01:03:27.435000,,1,1.0,,,False,True,79.367
0 days 01:06:05.876000,VER,1,0 days 00:01:19.074000,3.0,1.0,,,0 days 00:00:20.854000,0 days 00:00:37.288000,0 days 00:00:20.932000,0 days 01:05:07.679000,0 days 01:05:44.967000,0 days 01:06:05.899000,193.0,183.0,255.0,260.0,True,MEDIUM,3.0,True,Red Bull Racing,0 days 01:04:46.802000,,1,1.0,,,False,True,79.074
0 days 01:07:24.005000,VER,1,0 days 00:01:18.129000,4.0,1.0,,,0 days 00:00:20.835000,0 days 00:00:36.637000,0 days 00:00:20.657000,0 days 01:06:26.734000,0 days 01:07:03.371000,0 days 01:07:24.028000,192.0,187.0,256.0,259.0,True,MEDIUM,4.0,True,Red Bull Racing,0 days 01:06:05.876000,,1,1.0,,,False,True,78.129
0 days 01:08:42.024000,VER,1,0 days 00:01:18.019000,5.0,1.0,,,0 days 00:00:20.745000,0 days 00:00:36.734000,0 days 00:00:20.540000,0 days 01:07:44.773000,0 days 01:08:21.507000,0 days 01:08:42.047000,188.0,187.0,256.0,260.0,True,MEDIUM,5.0,True,Red Bull Racing,0 days 01:07:24.005000,,1,1.0,,,False,True,78.019
0 days 01:09:59.664000,VER,1,0 days 00:01:17.640000,6.0,1.0,,,0 days 00:00:20.488000,0 days 00:00:36.550000,0 days 00:00:20.602000,0 days 01:09:02.535000,0 days 01:09:39.085000,0 days 01:09:59.687000,193.0,185.0,255.0,260.0,True,MEDIUM,6.0,True,Red Bull Racing,0 days 01:08:42.024000,,1,1.0,,,False,True,77.64
0 days 01:11:17.297000,VER,1,0 days 00:01:17.633000,7.0,1.0,,,0 days 00:00:20.483000,0 days 00:00:36.479000,0 days 00:00:20.671000,0 days 01:10:20.170000,0 days 01:10:56.649000,0 days 01:11:17.320000,194.0,185.0,256.0,260.0,True,MEDIUM,7.0,True,Red Bull Racing,0 days 01:09:59.664000,,1,1.0,,,False,True,77.633
0 days 01:12:34.694000,VER,1,0 days 00:01:17.397000,8.0,1.0,,,0 days 00:00:20.432000,0 days 00:00:36.457000,0 days 00:00:20.508000,0 days 01:11:37.752000,0 days 01:12:14.209000,0 days 01:12:34.717000,195.0,187.0,256.0,260.0,True,MEDIUM,8.0,True,Red Bull Racing,0 days 01:11:17.297000,,1,1.0,,,False,True,77.397
0 days 01:13:51.725000,VER,1,0 days 00:01:17.031000,9.0,1.0,,,0 days 00:00:20.438000,0 days 00:00:36.224000,0 days 00:00:20.369000,0 days 01:12:55.155000,0 days 01:13:31.379000,0 days 01:13:51.748000,196.0,191.0,256.0,260.0,True,MEDIUM,9.0,True,Red Bull Racing,0 days 01:12:34.694000,,1,1.0,,,False,True,77.031
0 days 01:15:08.809000,VER,1,0 days 00:01:17.084000,10.0,1.0,,,0 days 00:00:20.452000,0 days 00:00:36.232000,0 days 00:00:20.400000,0 days 01:14:12.200000,0 days 01:14:48.432000,0 days 01:15:08.832000,196.0,191.0,256.0,260.0,False,MEDIUM,10.0,True,Red Bull Racing,0 days 01:13:51.725000,,1,1.0,,,False,True,77.084
0 days 01:16:25.667000,VER,1,0 days 00:01:16.858000,11.0,1.0,,,0 days 00:00:20.311000,0 days 00:00:36.150000,0 days 00:00:20.397000,0 days 01:15:29.143000,0 days 01:16:05.293000,0 days 01:16:25.690000,195.0,190.0,256.0,260.0,True,MEDIUM,11.0,True,Red Bull Racing,0 days 01:15:08.809000,,1,1.0,,,False,True,76.858
0 days 01:17:42.660000,VER,1,0 days 00:01:16.993000,12.0,1.0,,,0 days 00:00:20.386000,0 days 00:00:36.053000,0 days 00:00:20.554000,0 days 01:16:46.076000,0 days 01:17:22.129000,0 days 01:17:42.683000,197.0,189.0,256.0,261.0,False,MEDIUM,12.0,True,Red Bull Racing,0 days 01:16:25.667000,,12,1.0,,,False,True,76.993
0 days 01:19:00.094000,VER,1,0 days 00:01:17.434000,13.0,1.0,,,0 days 00:00:20.811000,0 days 00:00:36.267000,0 days 00:00:20.356000,0 days 01:18:03.494000,0 days 01:18:39.761000,0 days 01:19:00.117000,197.0,187.0,256.0,261.0,False,MEDIUM,13.0,True,Red Bull Racing,0 days 01:17:42.660000,,21,1.0,,,False,True,77.434
0 days 01:20:17.159000,VER,1,0 days 00:01:17.065000,14.0,1.0,,,0 days 00:00:20.338000,0 days 00:00:36.223000,0 days 00:00:20.504000,0 days 01:19:20.455000,0 days 01:19:56.678000,0 days 01:20:17.182000,198.0,188.0,257.0,261.0,False,MEDIUM,14.0,True,Red Bull Racing,0 days 01:19:00.094000,,12,1.0,,,False,True,77.065
0 days 01:21:34.238000,VER,1,0 days 00:01:17.079000,15.0,1.0,,,0 days 00:00:20.271000,0 days 00:00:36.248000,0 days 00:00:20.560000,0 days 01:20:37.453000,0 days 01:21:13.701000,0 days 01:21:34.261000,197.0,190.0,257.0,261.0,False,MEDIUM,15.0,True,Red Bull Racing,0 days 01:20:17.159000,,21,1.0,,,False,True,77.079
0 days 01:22:51.062000,VER,1,0 days 00:01:16.824000,16.0,1.0,,,0 days 00:00:20.269000,0 days 00:00:36.135000,0 days 00:00:20.420000,0 days 01:21:54.530000,0 days 01:22:30.665000,0 days 01:22:51.085000,197.0,189.0,256.0,262.0,True,MEDIUM,16.0,True,Red Bull Racing,0 days 01:21:34.238000,,1,1.0,,,False,True,76.824
0 days 01:24:07.922000,VER,1,0 days 00:01:16.860000,17.0,1.0,,,0 days 00:00:20.186000,0 days 00:00:36.210000,0 days 00:00:20.464000,0 days 01:23:11.271000,0 days 01:23:47.481000,0 days 01:24:07.945000,199.0,191.0,257.0,262.0,False,MEDIUM,17.0,True,Red Bull Racing,0 days 01:22:51.062000,,1,1.0,,,False,True,76.86
0 days 01:25:24.634000,VER,1,0 days 00:01:16.712000,18.0,1.0,,,0 days 00:00:20.148000,0 days 00:00:36.094000,0 days 00:00:20.470000,0 days 01:24:28.093000,0 days 01:25:04.187000,0 days 01:25:24.657000,201.0,191.0,257.0,263.0,True,MEDIUM,18.0,True,Red Bull Racing,0 days 01:24:07.922000,,1,1.0,,,False,True,76.712
0 days 01:26:41.457000,VER,1,0 days 00:01:16.823000,19.0,1.0,,,0 days 00:00:20.223000,0 days 00:00:36.163000,0 days 00:00:20.437000,0 days 01:25:44.880000,0 days 01:26:21.043000,0 days 01:26:41.480000,201.0,191.0,257.0,264.0,False,MEDIUM,19.0,True,Red Bull Racing,0 days 01:25:24.634000,,1,1.0,,,False,True,76.823
0 days 01:27:58.671000,VER,1,0 days 00:01:17.214000,20.0,1.0,,,0 days 00:00:20.207000,0 days 00:00:36.333000,0 days 00:00:20.674000,0 days 01:27:01.687000,0 days 01:27:38.020000,0 days 01:27:58.694000,197.0,190.0,258.0,267.0,False,MEDIUM,20.0,True,Red Bull Racing,0 days 01:26:41.457000,,1,1.0,,,False,True,77.214
0 days 01:29:15.474000,VER,1,0 days 00:01:16.803000,21.0,1.0,,,0 days 00:00:20.157000,0 days 00:00:36.186000,0 days 00:00:20.460000,0 days 01:28:18.851000,0 days 01:28:55.037000,0 days 01:29:15.497000,202.0,192.0,257.0,265.0,False,MEDIUM,21.0,True,Red Bull Racing,0 days 01:27:58.671000,,1,1.0,,,False,True,76.803
0 days 01:30:32.133000,VER,1,0 days 00:01:16.659000,22.0,1.0,,,0 days 00:00:20.084000,0 days 00:00:36.154000,0 days 00:00:20.421000,0 days 01:29:35.581000,0 days 01:30:11.735000,0 days 01:30:32.156000,199.0,192.0,258.0,265.0,True,MEDIUM,22.0,True,Red Bull Racing,0 days 01:29:15.474000,,1,1.0,,,False,True,76.659
0 days 01:31:48.737000,VER,1,0 days 00:01:16.604000,23.0,1.0,,,0 days 00:00:20.208000,0 days 00:00:36.076000,0 days 00:00:20.320000,0 days 01:30:52.364000,0 days 01:31:28.440000,0 days 01:31:48.760000,202.0,191.0,259.0,265.0,True,MEDIUM,23.0,True,Red Bull Racing,0 days 01:30:32.133000,,1,1.0,,,False,True,76.604
0 days 01:33:05.535000,VER,1,0 days 00:01:16.798000,24.0,1.0,,,0 days 00:00:20.160000,0 days 00:00:36.094000,0 days 00:00:20.544000,0 days 01:32:08.920000,0 days 01:32:45.014000,0 days 01:33:05.558000,201.0,191.0,259.0,266.0,False,MEDIUM,24.0,True,Red Bull Racing,0 days 01:31:48.737000,,1,1.0,,,False,True,76.798
0 days 01:34:22.718000,VER,1,0 days 00:01:17.183000,25.0,1.0,,,0 days 00:00:20.245000,0 days 00:00:36.397000,0 days 00:00:20.541000,0 days 01:33:25.803000,0 days 01:34:02.200000,0 days 01:34:22.741000,198.0,191.0,259.0,267.0,False,MEDIUM,25.0,True,Red Bull Racing,0 days 01:33:05.535000,,1,1.0,,,False,True,77.183
0 days 01:35:39.930000,VER,1,0 days 00:01:17.212000,26.0,1.0,,,0 days 00:00:20.318000,0 days 00:00:36.387000,0 days 00:00:20.507000,0 days 01:34:43.059000,0 days 01:35:19.446000,0 days 01:35:39.953000,201.0,191.0,259.0,268.0,False,MEDIUM,26.0,True,Red Bull Racing,0 days 01:34:22.718000,,1,1.0,,,False,True,77.212
0 days 01:36:57.189000,VER,1,0 days 00:01:17.259000,27.0,1.0,,,0 days 00:00:20.263000,0 days 00:00:36.370000,0 days 00:00:20.626000,0 days 01:36:00.216000,0 days 01:36:36.586000,0 days 01:36:57.212000,199.0,192.0,259.0,269.0,False,MEDIUM,27.0,True,Red Bull Racing,0 days 01:35:39.930000,,1,1.0,,,False,True,77.259
0 days 01:38:14.959000,VER,1,0 days 00:01:17.770000,28.0,1.0,,,0 days 00:00:20.336000,0 days 00:00:36.715000,0 days 00:00:20.719000,0 days 01:37:17.548000,0 days 01:37:54.263000,0 days 01:38:14.982000,192.0,191.0,259.0,269.0,False,MEDIUM,28.0,True,Red Bull Racing,0 days 01:36:57.189000,,1,1.0,,,False,True,77.77
0 days 01:39:32.960000,VER,1,0 days 00:01:18.001000,29.0,1.0,,,0 days 00:00:20.358000,0 days 00:00:36.723000,0 days 00:00:20.920000,0 days 01:38:35.340000,0 days 01:39:12.063000,0 days 01:39:32.983000,195.0,193.0,259.0,271.0,False,MEDIUM,29.0,True,Red Bull Racing,0 days 01:38:14.959000,,1,1.0,,,False,True,78.001
0 days 01:40:51.120000,VER,1,0 days 00:01:18.160000,30.0,1.0,,,0 days 00:00:20.292000,0 days 00:00:36.888000,0 days 00:00:20.980000,0 days 01:39:53.275000,0 days 01:40:30.163000,0 days 01:40:51.143000,197.0,188.0,259.0,270.0,False,MEDIUM,30.0,True,Red Bull Racing,0 days 01:39:32.960000,,1,1.0,,,False,True,78.16
0 days 01:42:09.861000,VER,1,0 days 00:01:18.741000,31.0,1.0,,,0 days 00:00:20.522000,0 days 00:00:37.201000,0 days 00:00:21.018000,0 days 01:41:11.665000,0 days 01:41:48.866000,0 days 01:42:09.884000,192.0,188.0,261.0,267.0,False,MEDIUM,31.0,True,Red Bull Racing,0 days 01:40:51.120000,,1,1.0,,,False,True,78.741
0 days 01:43:28.677000,VER,1,0 days 00:01:18.816000,32.0,1.0,,,0 days 00:00:20.514000,0 days 00:00:37.616000,0 days 00:00:20.686000,0 days 01:42:30.398000,0 days 01:43:08.014000,0 days 01:43:28.700000,197.0,188.0,261.0,270.0,False,MEDIUM,32.0,True,Red Bull Racing,0 days 01:42:09.861000,,1,1.0,,,False,True,78.816
0 days 01:44:47.623000,VER,1,0 days 00:01:18.946000,33.0,1.0,,,0 days 00:00:20.388000,0 days 00:00:37.184000,0 days 00:00:21.374000,0 days 01:43:49.088000,0 days 01:44:26.272000,0 days 01:44:47.646000,195.0,189.0,260.0,267.0,False,MEDIUM,33.0,True,Red Bull Racing,0 days 01:43:28.677000,,1,1.0,,,False,True,78.946
0 days 01:46:05.667000,VER,1,0 days 00:01:18.044000,34.0,1.0,,,0 days 00:00:20.330000,0 days 00:00:36.922000,0 days 00:00:20.792000,0 days 01:45:07.976000,0 days 01:45:44.898000,0 days 01:46:05.690000,197.0,191.0,261.0,267.0,False,MEDIUM,34.0,True,Red Bull Racing,0 days 01:44:47.623000,,1,1.0,,,False,True,78.044
0 days 01:47:23.691000,VER,1,0 days 00:01:18.024000,35.0,1.0,,,0 days 00:00:20.355000,0 days 00:00:36.913000,0 days 00:00:20.756000,0 days 01:46:26.045000,0 days 01:47:02.958000,0 days 01:47:23.714000,199.0,192.0,260.0,267.0,False,MEDIUM,35.0,True,Red Bull Racing,0 days 01:46:05.667000,,1,1.0,,,False,True,78.024
0 days 01:48:41.665000,VER,1,0 days 00:01:17.974000,36.0,1.0,,,0 days 00:00:20.616000,0 days 00:00:36.766000,0 days 00:00:20.592000,0 days 01:47:44.330000,0 days 01:48:21.096000,0 days 01:48:41.688000,198.0,190.0,258.0,263.0,False,MEDIUM,36.0,True,Red Bull Racing,0 days 01:47:23.691000,,1,1.0,,,False,True,77.974
0 days 01:49:58.938000,VER,1,0 days 00:01:17.273000,37.0,1.0,,,0 days 00:00:20.145000,0 days 00:00:36.631000,0 days 00:00:20.497000,0 days 01:49:01.833000,0 days 01:49:38.464000,0 days 01:49:58.961000,205.0,193.0,258.0,264.0,False,MEDIUM,37.0,True,Red Bull Racing,0 days 01:48:41.665000,,1,1.0,,,False,True,77.273
0 days 01:51:16.060000,VER,1,0 days 00:01:17.122000,38.0,1.0,,,0 days 00:00:20.055000,0 days 00:00:36.492000,0 days 00:00:20.575000,0 days 01:50:19.016000,0 days 01:50:55.508000,0 days 01:51:16.083000,202.0,192.0,258.0,264.0,False,MEDIUM,38.0,True,Red Bull Racing,0 days 01:49:58.938000,,1,1.0,,,False,True,77.122
0 days 01:52:33.026000,VER,1,0 days 00:01:16.966000,39.0,1.0,,,0 days 00:00:20.026000,0 days 00:00:36.407000,0 days 00:00:20.533000,0 days 01:51:36.109000,0 days 01:52:12.516000,0 days 01:52:33.049000,202.0,196.0,258.0,264.0,False,MEDIUM,39.0,True,Red Bull Racing,0 days 01:51:16.060000,,1,1.0,,,False,True,76.966
0 days 01:53:50.187000,VER,1,0 days 00:01:17.161000,40.0,1.0,,,0 days 00:00:20.110000,0 days 00:00:36.515000,0 days 00:00:20.536000,0 days 01:52:53.159000,0 days 01:53:29.674000,0 days 01:53:50.210000,199.0,194.0,258.0,264.0,False,MEDIUM,40.0,True,Red Bull Racing,0 days 01:52:33.026000,,1,1.0,,,False,True,77.161
0 days 01:55:07.131000,VER,1,0 days 00:01:16.944000,41.0,1.0,,,0 days 00:00:20.092000,0 days 00:00:36.394000,0 days 00:00:20.458000,0 days 01:54:10.302000,0 days 01:54:46.696000,0 days 01:55:07.154000,202.0,194.0,259.0,265.0,False,MEDIUM,41.0,True,Red Bull Racing,0 days 01:53:50.187000,,1,1.0,,,False,True,76.944
0 days 01:56:23.931000,VER,1,0 days 00:01:16.800000,42.0,1.0,,,0 days 00:00:19.937000,0 days 00:00:36.446000,0 days 00:00:20.417000,0 days 01:55:27.091000,0 days 01:56:03.537000,0 days 01:56:23.954000,203.0,197.0,259.0,265.0,False,MEDIUM,42.0,True,Red Bull Racing,0 days 01:55:07.131000,,1,1.0,,,False,True,76.8
0 days 01:57:40.894000,VER,1,0 days 00:01:16.963000,43.0,1.0,,,0 days 00:00:19.979000,0 days 00:00:36.577000,0 days 00:00:20.407000,0 days 01:56:43.933000,0 days 01:57:20.510000,0 days 01:57:40.917000,202.0,196.0,259.0,265.0,False,MEDIUM,43.0,True,Red Bull Racing,0 days 01:56:23.931000,,1,1.0,,,False,True,76.963
0 days 01:58:57.616000,VER,1,0 days 00:01:16.722000,44.0,1.0,,,0 days 00:00:19.943000,0 days 00:00:36.347000,0 days 00:00:20.432000,0 days 01:58:00.860000,0 days 01:58:37.207000,0 days 01:58:57.639000,204.0,196.0,260.0,265.0,False,MEDIUM,44.0,True,Red Bull Racing,0 days 01:57:40.894000,,1,1.0,,,False,True,76.722
0 days 02:00:14.317000,VER,1,0 days 00:01:16.701000,45.0,1.0,,,0 days 00:00:19.913000,0 days 00:00:36.379000,0 days 00:00:20.409000,0 days 01:59:17.552000,0 days 01:59:53.931000,0 days 02:00:14.340000,206.0,195.0,260.0,267.0,False,MEDIUM,45.0,True,Red Bull Racing,0 days 01:58:57.616000,,1,1.0,,,False,True,76.701
0 days 02:01:31.392000,VER,1,0 days 00:01:17.075000,46.0,1.0,,,0 days 00:00:19.990000,0 days 00:00:36.632000,0 days 00:00:20.453000,0 days 02:00:34.330000,0 days 02:01:10.962000,0 days 02:01:31.415000,202.0,193.0,260.0,267.0,False,MEDIUM,46.0,True,Red Bull Racing,0 days 02:00:14.317000,,1,1.0,,,False,True,77.075
0 days 02:02:48.552000,VER,1,0 days 00:01:17.160000,47.0,1.0,,,0 days 00:00:20.018000,0 days 00:00:36.619000,0 days 00:00:20.523000,0 days 02:01:51.433000,0 days 02:02:28.052000,0 days 02:02:48.575000,201.0,194.0,259.0,268.0,False,MEDIUM,47.0,True,Red Bull Racing,0 days 02:01:31.392000,,1,1.0,,,False,True,77.16
0 days 02:04:05.617000,VER,1,0 days 00:01:17.065000,48.0,1.0,,,0 days 00:00:19.972000,0 days 00:00:36.606000,0 days 00:00:20.487000,0 days 02:03:08.547000,0 days 02:03:45.153000,0 days 02:04:05.640000,198.0,197.0,260.0,268.0,False,MEDIUM,48.0,True,Red Bull Racing,0 days 02:02:48.552000,,1,1.0,,,False,True,77.065
0 days 02:05:23.045000,VER,1,0 days 00:01:17.428000,49.0,1.0,,,0 days 00:00:20.073000,0 days 00:00:36.700000,0 days 00:00:20.655000,0 days 02:04:25.713000,0 days 02:05:02.413000,0 days 02:05:23.068000,205.0,193.0,260.0,268.0,False,MEDIUM,49.0,True,Red Bull Racing,0 days 02:04:05.617000,,1,1.0,,,False,True,77.428
0 days 02:06:40.359000,VER,1,0 days 00:01:17.314000,50.0,1.0,,,0 days 00:00:20.095000,0 days 00:00:36.655000,0 days 00:00:20.564000,0 days 02:05:43.163000,0 days 02:06:19.818000,0 days 02:06:40.382000,203.0,193.0,260.0,267.0,False,MEDIUM,50.0,True,Red Bull Racing,0 days 02:05:23.045000,,1,1.0,,,False,True,77.314
0 days 02:07:57.786000,VER,1,0 days 00:01:17.427000,51.0,1.0,,,0 days 00:00:20.073000,0 days 00:00:36.836000,0 days 00:00:20.518000,0 days 02:07:00.455000,0 days 02:07:37.291000,0 days 02:07:57.809000,203.0,193.0,259.0,267.0,False,MEDIUM,51.0,True,Red Bull Racing,0 days 02:06:40.359000,,1,1.0,,,False,True,77.427
0 days 02:09:21.832000,VER,1,0 days 00:01:24.046000,52.0,1.0,,,0 days 00:00:20.561000,0 days 00:00:41.201000,0 days 00:00:22.284000,0 days 02:08:18.370000,0 days 02:08:59.571000,0 days 02:09:21.855000,182.0,162.0,259.0,267.0,False,MEDIUM,52.0,True,Red Bull Racing,0 days 02:07:57.786000,,1,1.0,,,False,True,84.046
0 days 02:10:51.751000,VER,1,0 days 00:01:29.919000,53.0,1.0,,,0 days 00:00:23.457000,0 days 00:00:44.072000,0 days 00:00:22.390000,0 days 02:09:45.312000,0 days 02:10:29.384000,0 days 02:10:51.774000,138.0,170.0,259.0,266.0,False,MEDIUM,53.0,True,Red Bull Racing,0 days 02:09:21.832000,,1,1.0,,,False,True,89.919
0 days 02:12:30.697000,VER,1,0 days 00:01:38.946000,54.0,1.0,,,0 days 00:00:24.995000,0 days 00:00:49.817000,0 days 00:00:24.134000,0 days 02:11:16.769000,0 days 02:12:06.586000,0 days 02:12:30.720000,123.0,147.0,256.0,255.0,False,MEDIUM,54.0,True,Red Bull Racing,0 days 02:10:51.751000,,1,1.0,,,False,True,98.946
0 days 02:14:41.264000,VER,1,0 days 00:02:10.567000,55.0,1.0,,0 days 02:14:17.451000,0 days 00:00:28.610000,0 days 00:00:55.513000,0 days 00:00:46.444000,0 days 02:12:59.330000,0 days 02:13:54.843000,0 days 02:14:41.287000,108.0,115.0,,238.0,False,MEDIUM,55.0,True,Red Bull Racing,0 days 02:12:30.697000,,12,1.0,,,False,False,130.567
0 days 02:16:27.395000,VER,1,0 days 00:01:46.131000,56.0,2.0,0 days 02:14:41.935000,,0 days 00:00:30.769000,0 days 00:00:48.885000,0 days 00:00:26.477000,0 days 02:15:12.056000,0 days 02:16:00.941000,0 days 02:16:27.418000,104.0,137.0,247.0,250.0,False,INTERMEDIATE,1.0,True,Red Bull Racing,0 days 02:14:41.264000,,21,1.0,,,False,False,106.131
0 days 02:18:10.859000,VER,1,0 days 00:01:43.464000,57.0,2.0,,,0 days 00:00:28.427000,0 days 00:00:48.738000,0 days 00:00:26.299000,0 days 02:16:55.845000,0 days 02:17:44.583000,0 days 02:18:10.882000,117.0,125.0,250.0,261.0,False,INTERMEDIATE,2.0,True,Red Bull Racing,0 days 02:16:27.395000,,1,1.0,,,False,True,103.464
0 days 02:19:53.667000,VER,1,0 days 00:01:42.808000,58.0,2.0,,,0 days 00:00:28.298000,0 days 00:00:47.828000,0 days 00:00:26.682000,0 days 02:18:39.180000,0 days 02:19:27.008000,0 days 02:19:53.690000,124.0,136.0,248.0,258.0,False,INTERMEDIATE,3.0,True,Red Bull Racing,0 days 02:18:10.859000,,12,1.0,,,False,True,102.808
0 days 02:21:37.458000,VER,1,0 days 00:01:43.791000,59.0,2.0,,,0 days 00:00:28.509000,0 days 00:00:48.450000,0 days 00:00:26.832000,0 days 02:20:22.199000,0 days 02:21:10.649000,0 days 02:21:37.481000,123.0,127.0,242.0,258.0,False,INTERMEDIATE,4.0,True,Red Bull Racing,0 days 02:19:53.667000,,12,1.0,,,False,True,103.791
0 days 02:23:18.998000,VER,1,0 days 00:01:41.540000,60.0,2.0,,,0 days 00:00:28.156000,0 days 00:00:47.156000,0 days 00:00:26.228000,0 days 02:22:05.637000,0 days 02:22:52.793000,0 days 02:23:19.021000,127.0,135.0,251.0,262.0,False,INTERMEDIATE,5.0,True,Red Bull Racing,0 days 02:21:37.458000,,12,1.0,,,False,True,101.54
0 days 02:24:59.795000,VER,1,0 days 00:01:40.797000,61.0,2.0,,,0 days 00:00:26.984000,0 days 00:00:47.662000,0 days 00:00:26.151000,0 days 02:23:46.005000,0 days 02:24:33.667000,0 days 02:24:59.818000,133.0,130.0,254.0,261.0,False,INTERMEDIATE,6.0,True,Red Bull Racing,0 days 02:23:18.998000,,12,1.0,,,False,True,100.797
0 days 02:26:39.067000,VER,1,0 days 00:01:39.272000,62.0,2.0,,,0 days 00:00:26.805000,0 days 00:00:46.575000,0 days 00:00:25.892000,0 days 02:25:26.623000,0 days 02:26:13.198000,0 days 02:26:39.090000,137.0,132.0,254.0,265.0,False,INTERMEDIATE,7.0,True,Red Bull Racing,0 days 02:24:59.795000,,1,1.0,,,False,True,99.272
0 days 02:28:18.677000,VER,1,0 days 00:01:39.610000,63.0,2.0,,,0 days 00:00:26.537000,0 days 00:00:47.112000,0 days 00:00:25.961000,0 days 02:27:05.627000,0 days 02:27:52.739000,0 days 02:28:18.700000,140.0,118.0,254.0,264.0,False,INTERMEDIATE,8.0,True,Red Bull Racing,0 days 02:26:39.067000,,1,1.0,,,False,True,99.61
0 days 02:29:57.041000,VER,1,0 days 00:01:38.364000,64.0,2.0,,,0 days 00:00:26.081000,0 days 00:00:46.953000,0 days 00:00:25.330000,0 days 02:28:44.781000,0 days 02:29:31.734000,0 days 02:29:57.064000,143.0,132.0,256.0,266.0,False,INTERMEDIATE,9.0,True,Red Bull Racing,0 days 02:28:18.677000,,1,1.0,,,False,True,98.364
0 days 02:31:34.201000,VER,1,0 days 00:01:37.160000,65.0,2.0,,,0 days 00:00:25.762000,0 days 00:00:46.617000,0 days 00:00:24.781000,0 days 02:30:22.826000,0 days 02:31:09.443000,0 days 02:31:34.224000,145.0,138.0,255.0,265.0,False,INTERMEDIATE,10.0,True,Red Bull Racing,0 days 02:29:57.041000,,1,1.0,,,False,True,97.16
0 days 02:33:08.236000,VER,1,0 days 00:01:34.035000,66.0,2.0,,,0 days 00:00:25.164000,0 days 00:00:45.389000,0 days 00:00:23.482000,0 days 02:31:59.388000,0 days 02:32:44.777000,0 days 02:33:08.259000,145.0,134.0,257.0,263.0,False,INTERMEDIATE,11.0,True,Red Bull Racing,0 days 02:31:34.201000,,1,1.0,,,False,True,94.035
0 days 02:34:41.157000,VER,1,0 days 00:01:32.921000,67.0,2.0,,,0 days 00:00:24.664000,0 days 00:00:45.275000,0 days 00:00:22.982000,0 days 02:33:32.923000,0 days 02:34:18.198000,0 days 02:34:41.180000,148.0,140.0,259.0,265.0,False,INTERMEDIATE,12.0,True,Red Bull Racing,0 days 02:33:08.236000,,1,1.0,,,False,True,92.921
0 days 02:36:14.816000,VER,1,0 days 00:01:33.659000,68.0,2.0,,,0 days 00:00:24.462000,0 days 00:00:45.428000,0 days 00:00:23.769000,0 days 02:35:05.642000,0 days 02:35:51.070000,0 days 02:36:14.839000,149.0,133.0,258.0,267.0,False,INTERMEDIATE,13.0,True,Red Bull Racing,0 days 02:34:41.157000,,1,1.0,,,False,True,93.659
0 days 02:37:46.423000,VER,1,0 days 00:01:31.607000,69.0,2.0,,,0 days 00:00:24.291000,0 days 00:00:44.421000,0 days 00:00:22.895000,0 days 02:36:39.130000,0 days 02:37:23.551000,0 days 02:37:46.446000,158.0,146.0,258.0,263.0,False,INTERMEDIATE,14.0,True,Red Bull Racing,0 days 02:36:14.816000,,12,1.0,,,False,True,91.607
0 days 02:39:17.667000,VER,1,0 days 00:01:31.244000,70.0,2.0,,,0 days 00:00:24.246000,0 days 00:00:43.908000,0 days 00:00:23.090000,0 days 02:38:10.692000,0 days 02:38:54.600000,0 days 02:39:17.690000,146.0,150.0,258.0,264.0,False,INTERMEDIATE,15.0,True,Red Bull Racing,0 days 02:37:46.423000,,1,1.0,,,False,True,91.244
0 days 02:40:48.030000,VER,1,0 days 00:01:30.363000,71.0,2.0,,,0 days 00:00:24.390000,0 days 00:00:43.707000,0 days 00:00:22.266000,0 days 02:39:42.080000,0 days 02:40:25.787000,0 days 02:40:48.053000,154.0,152.0,260.0,266.0,False,INTERMEDIATE,16.0,True,Red Bull Racing,0 days 02:39:17.667000,,1,1.0,,,False,True,90.363
0 days 02:42:18.432000,VER,1,0 days 00:01:30.402000,72.0,2.0,,,0 days 00:00:23.566000,0 days 00:00:44.437000,0 days 00:00:22.399000,0 days 02:41:11.619000,0 days 02:41:56.056000,0 days 02:42:18.455000,153.0,154.0,260.0,267.0,False,INTERMEDIATE,17.0,True,Red Bull Racing,0 days 02:40:48.030000,,1,1.0,,,False,True,90.402
0 days 02:43:46.818000,VER,1,0 days 00:01:28.386000,73.0,2.0,,,0 days 00:00:23.253000,0 days 00:00:42.926000,0 days 00:00:22.207000,0 days 02:42:41.708000,0 days 02:43:24.634000,0 days 02:43:46.841000,156.0,160.0,260.0,265.0,False,INTERMEDIATE,18.0,True,Red Bull Racing,0 days 02:42:18.432000,,1,1.0,,,False,True,88.386
0 days 02:45:13.682000,VER,1,0 days 00:01:26.864000,74.0,2.0,,,0 days 00:00:23.030000,0 days 00:00:42.003000,0 days 00:00:21.831000,0 days 02:44:09.871000,0 days 02:44:51.874000,0 days 02:45:13.705000,167.0,165.0,259.0,264.0,False,INTERMEDIATE,19.0,True,Red Bull Racing,0 days 02:43:46.818000,,1,1.0,,,False,True,86.864
0 days 02:46:39.200000,VER,1,0 days 00:01:25.518000,75.0,2.0,,,0 days 00:00:22.254000,0 days 00:00:41.506000,0 days 00:00:21.758000,0 days 02:45:35.959000,0 days 02:46:17.465000,0 days 02:46:39.223000,174.0,170.0,260.0,265.0,False,INTERMEDIATE,20.0,True,Red Bull Racing,0 days 02:45:13.682000,,1,1.0,,,False,True,85.518
0 days 02:48:04.516000,VER,1,0 days 00:01:25.316000,76.0,2.0,,,0 days 00:00:22.131000,0 days 00:00:41.454000,0 days 00:00:21.731000,0 days 02:47:01.354000,0 days 02:47:42.808000,0 days 02:48:04.539000,178.0,173.0,260.0,267.0,False,INTERMEDIATE,21.0,True,Red Bull Racing,0 days 02:46:39.200000,,1,1.0,,,False,True,85.316
0 days 02:49:29.976000,VER,1,0 days 00:01:25.460000,77.0,2.0,,,0 days 00:00:22.004000,0 days 00:00:41.347000,0 days 00:00:22.109000,0 days 02:48:26.543000,0 days 02:49:07.890000,0 days 02:49:29.999000,178.0,168.0,261.0,269.0,False,INTERMEDIATE,22.0,True,Red Bull Racing,0 days 02:48:04.516000,,1,1.0,,,False,True,85.46
0 days 02:50:55.177000,VER,1,0 days 00:01:25.201000,78.0,2.0,,,0 days 00:00:22.353000,0 days 00:00:40.652000,0 days 00:00:22.196000,0 days 02:49:52.352000,0 days 02:50:33.004000,0 days 02:50:55.200000,162.0,173.0,250.0,266.0,False,INTERMEDIATE,23.0,True,Red Bull Racing,0 days 02:49:29.976000,,1,1.0,,,False,True,85.201
0 days 01:03:28.724000,ALO,14,0 days 00:01:25.527000,1.0,1.0,,,,0 days 00:00:37.981000,0 days 00:00:21.254000,,0 days 01:03:07.574000,0 days 01:03:28.808000,188.0,180.0,258.0,275.0,False,HARD,2.0,False,Aston Martin,0 days 01:02:02.950000,,12,2.0,,,False,False,85.527
0 days 01:04:48.370000,ALO,14,0 days 00:01:19.646000,2.0,1.0,,,0 days 00:00:20.871000,0 days 00:00:37.656000,0 days 00:00:21.119000,0 days 01:03:49.651000,0 days 01:04:27.307000,0 days 01:04:48.426000,194.0,181.0,255.0,272.0,True,HARD,3.0,False,Aston Martin,0 days 01:03:28.724000,,1,2.0,,,False,True,79.646
0 days 01:06:07.483000,ALO,14,0 days 00:01:19.113000,3.0,1.0,,,0 days 00:00:20.649000,0 days 00:00:37.348000,0 days 00:00:21.116000,0 days 01:05:09.075000,0 days 01:05:46.423000,0 days 01:06:07.539000,193.0,182.0,255.0,273.0,True,HARD,4.0,False,Aston Martin,0 days 01:04:48.370000,,1,2.0,,,False,True,79.113
0 days 01:07:26.259000,ALO,14,0 days 00:01:18.776000,4.0,1.0,,,0 days 00:00:20.584000,0 days 00:00:37.221000,0 days 00:00:20.971000,0 days 01:06:28.123000,0 days 01:07:05.344000,0 days 01:07:26.315000,195.0,185.0,257.0,275.0,True,HARD,5.0,False,Aston Martin,0 days 01:06:07.483000,,1,2.0,,,False,True,78.776
0 days 01:08:44.198000,ALO,14,0 days 00:01:17.939000,5.0,1.0,,,0 days 00:00:20.370000,0 days 00:00:36.729000,0 days 00:00:20.840000,0 days 01:07:46.685000,0 days 01:08:23.414000,0 days 01:08:44.254000,201.0,183.0,257.0,275.0,True,HARD,6.0,False,Aston Martin,0 days 01:07:26.259000,,1,2.0,,,False,True,77.939
0 days 01:10:02.150000,ALO,14,0 days 00:01:17.952000,6.0,1.0,,,0 days 00:00:20.424000,0 days 00:00:36.669000,0 days 00:00:20.859000,0 days 01:09:04.678000,0 days 01:09:41.347000,0 days 01:10:02.206000,201.0,185.0,257.0,275.0,False,HARD,7.0,False,Aston Martin,0 days 01:08:44.198000,,1,2.0,,,False,True,77.952
0 days 01:11:19.655000,ALO,14,0 days 00:01:17.505000,7.0,1.0,,,0 days 00:00:20.330000,0 days 00:00:36.535000,0 days 00:00:20.640000,0 days 01:10:22.536000,0 days 01:10:59.071000,0 days 01:11:19.711000,203.0,188.0,257.0,275.0,True,HARD,8.0,False,Aston Martin,0 days 01:10:02.150000,,1,2.0,,,False,True,77.505
0 days 01:12:37.046000,ALO,14,0 days 00:01:17.391000,8.0,1.0,,,0 days 00:00:20.266000,0 days 00:00:36.514000,0 days 00:00:20.611000,0 days 01:11:39.977000,0 days 01:12:16.491000,0 days 01:12:37.102000,202.0,187.0,257.0,275.0,True,HARD,9.0,False,Aston Martin,0 days 01:11:19.655000,,1,2.0,,,False,True,77.391
0 days 01:13:54.829000,ALO,14,0 days 00:01:17.783000,9.0,1.0,,,0 days 00:00:20.229000,0 days 00:00:36.675000,0 days 00:00:20.879000,0 days 01:12:57.331000,0 days 01:13:34.006000,0 days 01:13:54.885000,205.0,188.0,258.0,275.0,False,HARD,10.0,False,Aston Martin,0 days 01:12:37.046000,,1,2.0,,,False,True,77.783
0 days 01:15:12.153000,ALO,14,0 days 00:01:17.324000,10.0,1.0,,,0 days 00:00:20.143000,0 days 00:00:36.488000,0 days 00:00:20.693000,0 days 01:14:15.028000,0 days 01:14:51.516000,0 days 01:15:12.209000,200.0,187.0,257.0,275.0,True,HARD,11.0,False,Aston Martin,0 days 01:13:54.829000,,1,2.0,,,False,True,77.324
0 days 01:16:29.402000,ALO,14,0 days 00:01:17.249000,11.0,1.0,,,0 days 00:00:20.216000,0 days 00:00:36.375000,0 days 00:00:20.658000,0 days 01:15:32.425000,0 days 01:16:08.800000,0 days 01:16:29.458000,206.0,189.0,257.0,275.0,True,HARD,12.0,False,Aston Martin,0 days 01:15:12.153000,,1,2.0,,,False,True,77.249
0 days 01:17:46.990000,ALO,14,0 days 00:01:17.588000,12.0,1.0,,,0 days 00:00:20.251000,0 days 00:00:36.350000,0 days 00:00:20.987000,0 days 01:16:49.709000,0 days 01:17:26.059000,0 days 01:17:47.046000,206.0,188.0,255.0,275.0,False,HARD,13.0,False,Aston Martin,0 days 01:16:29.402000,,12,2.0,,,False,True,77.588
0 days 01:19:05.433000,ALO,14,0 days 00:01:18.443000,13.0,1.0,,,0 days 00:00:20.525000,0 days 00:00:36.585000,0 days 00:00:21.333000,0 days 01:18:07.571000,0 days 01:18:44.156000,0 days 01:19:05.489000,204.0,184.0,255.0,275.0,False,HARD,14.0,False,Aston Martin,0 days 01:17:46.990000,,21,2.0,,,False,True,78.443
0 days 01:20:22.941000,ALO,14,0 days 00:01:17.508000,14.0,1.0,,,0 days 00:00:20.194000,0 days 00:00:36.591000,0 days 00:00:20.723000,0 days 01:19:25.683000,0 days 01:20:02.274000,0 days 01:20:22.997000,200.0,188.0,255.0,275.0,False,HARD,15.0,False,Aston Martin,0 days 01:19:05.433000,,12,2.0,,,False,True,77.508
0 days 01:21:40.385000,ALO,14,0 days 00:01:17.444000,15.0,1.0,,,0 days 00:00:20.171000,0 days 00:00:36.502000,0 days 00:00:20.771000,0 days 01:20:43.168000,0 days 01:21:19.670000,0 days 01:21:40.441000,207.0,189.0,255.0,275.0,False,HARD,16.0,False,Aston Martin,0 days 01:20:22.941000,,1,2.0,,,False,True,77.444
0 days 01:22:57.555000,ALO,14,0 days 00:01:17.170000,16.0,1.0,,,0 days 00:00:20.230000,0 days 00:00:36.363000,0 days 00:00:20.577000,0 days 01:22:00.671000,0 days 01:22:37.034000,0 days 01:22:57.611000,205.0,190.0,254.0,275.0,True,HARD,17.0,False,Aston Martin,0 days 01:21:40.385000,,1,2.0,,,False,True,77.17
0 days 01:24:15.254000,ALO,14,0 days 00:01:17.699000,17.0,1.0,,,0 days 00:00:20.340000,0 days 00:00:36.596000,0 days 00:00:20.763000,0 days 01:23:17.951000,0 days 01:23:54.547000,0 days 01:24:15.310000,206.0,186.0,255.0,276.0,False,HARD,18.0,False,Aston Martin,0 days 01:22:57.555000,,1,2.0,,,False,True,77.699
0 days 01:25:32.782000,ALO,14,0 days 00:01:17.528000,18.0,1.0,,,0 days 00:00:20.206000,0 days 00:00:36.547000,0 days 00:00:20.775000,0 days 01:24:35.516000,0 days 01:25:12.063000,0 days 01:25:32.838000,208.0,189.0,256.0,276.0,False,HARD,19.0,False,Aston Martin,0 days 01:24:15.254000,,1,2.0,,,False,True,77.528
0 days 01:26:50.040000,ALO,14,0 days 00:01:17.258000,19.0,1.0,,,0 days 00:00:20.174000,0 days 00:00:36.447000,0 days 00:00:20.637000,0 days 01:25:53.012000,0 days 01:26:29.459000,0 days 01:26:50.096000,207.0,188.0,255.0,276.0,False,HARD,20.0,False,Aston Martin,0 days 01:25:32.782000,,1,2.0,,,False,True,77.258
0 days 01:28:07.170000,ALO,14,0 days 00:01:17.130000,20.0,1.0,,,0 days 00:00:20.139000,0 days 00:00:36.403000,0 days 00:00:20.588000,0 days 01:27:10.235000,0 days 01:27:46.638000,0 days 01:28:07.226000,206.0,190.0,256.0,277.0,True,HARD,21.0,False,Aston Martin,0 days 01:26:50.040000,,1,2.0,,,False,True,77.13
0 days 01:29:24.834000,ALO,14,0 days 00:01:17.664000,21.0,1.0,,,0 days 00:00:20.223000,0 days 00:00:36.546000,0 days 00:00:20.895000,0 days 01:28:27.449000,0 days 01:29:03.995000,0 days 01:29:24.890000,207.0,187.0,255.0,277.0,False,HARD,22.0,False,Aston Martin,0 days 01:28:07.170000,,1,2.0,,,False,True,77.664
0 days 01:30:42.781000,ALO,14,0 days 00:01:17.947000,22.0,1.0,,,0 days 00:00:20.394000,0 days 00:00:36.673000,0 days 00:00:20.880000,0 days 01:29:45.284000,0 days 01:30:21.957000,0 days 01:30:42.837000,205.0,184.0,255.0,276.0,False,HARD,23.0,False,Aston Martin,0 days 01:29:24.834000,,1,2.0,,,False,True,77.947
0 days 01:32:00.053000,ALO,14,0 days 00:01:17.272000,23.0,1.0,,,0 days 00:00:20.109000,0 days 00:00:36.449000,0 days 00:00:20.714000,0 days 01:31:02.946000,0 days 01:31:39.395000,0 days 01:32:00.109000,208.0,189.0,255.0,277.0,False,HARD,24.0,False,Aston Martin,0 days 01:30:42.781000,,1,2.0,,,False,True,77.272
0 days 01:33:17.338000,ALO,14,0 days 00:01:17.285000,24.0,1.0,,,0 days 00:00:20.122000,0 days 00:00:36.464000,0 days 00:00:20.699000,0 days 01:32:20.231000,0 days 01:32:56.695000,0 days 01:33:17.394000,208.0,189.0,256.0,277.0,False,HARD,25.0,False,Aston Martin,0 days 01:32:00.053000,,1,2.0,,,False,True,77.285
0 days 01:34:34.520000,ALO,14,0 days 00:01:17.182000,25.0,1.0,,,0 days 00:00:20.018000,0 days 00:00:36.428000,0 days 00:00:20.736000,0 days 01:33:37.412000,0 days 01:34:13.840000,0 days 01:34:34.576000,208.0,188.0,256.0,278.0,False,HARD,26.0,False,Aston Martin,0 days 01:33:17.338000,,1,2.0,,,False,True,77.182
0 days 01:35:51.661000,ALO,14,0 days 00:01:17.141000,26.0,1.0,,,0 days 00:00:20.057000,0 days 00:00:36.346000,0 days 00:00:20.738000,0 days 01:34:54.633000,0 days 01:35:30.979000,0 days 01:35:51.717000,209.0,191.0,256.0,278.0,False,HARD,27.0,False,Aston Martin,0 days 01:34:34.520000,,1,2.0,,,False,True,77.141
0 days 01:37:08.889000,ALO,14,0 days 00:01:17.228000,27.0,1.0,,,0 days 00:00:20.018000,0 days 00:00:36.470000,0 days 00:00:20.740000,0 days 01:36:11.735000,0 days 01:36:48.205000,0 days 01:37:08.945000,209.0,189.0,256.0,278.0,False,HARD,28.0,False,Aston Martin,0 days 01:35:51.661000,,1,2.0,,,False,True,77.228
0 days 01:38:26.451000,ALO,14,0 days 00:01:17.562000,28.0,1.0,,,0 days 00:00:20.224000,0 days 00:00:36.581000,0 days 00:00:20.757000,0 days 01:37:29.169000,0 days 01:38:05.750000,0 days 01:38:26.507000,209.0,187.0,256.0,278.0,False,HARD,29.0,False,Aston Martin,0 days 01:37:08.889000,,1,2.0,,,False,True,77.562
0 days 01:39:43.562000,ALO,14,0 days 00:01:17.111000,29.0,1.0,,,0 days 00:00:20.075000,0 days 00:00:36.445000,0 days 00:00:20.591000,0 days 01:38:46.582000,0 days 01:39:23.027000,0 days 01:39:43.618000,206.0,190.0,257.0,279.0,True,HARD,30.0,False,Aston Martin,0 days 01:38:26.451000,,1,2.0,,,False,True,77.111
0 days 01:41:00.527000,ALO,14,0 days 00:01:16.965000,30.0,1.0,,,0 days 00:00:20.035000,0 days 00:00:36.332000,0 days 00:00:20.598000,0 days 01:40:03.653000,0 days 01:40:39.985000,0 days 01:41:00.583000,208.0,189.0,256.0,280.0,True,HARD,31.0,False,Aston Martin,0 days 01:39:43.562000,,1,2.0,,,False,True,76.965
0 days 01:42:17.786000,ALO,14,0 days 00:01:17.259000,31.0,1.0,,,0 days 00:00:20.008000,0 days 00:00:36.459000,0 days 00:00:20.792000,0 days 01:41:20.591000,0 days 01:41:57.050000,0 days 01:42:17.842000,210.0,188.0,258.0,281.0,False,HARD,32.0,False,Aston Martin,0 days 01:41:00.527000,,1,2.0,,,False,True,77.259
0 days 01:43:35.423000,ALO,14,0 days 00:01:17.637000,32.0,1.0,,,0 days 00:00:20.096000,0 days 00:00:36.618000,0 days 00:00:20.923000,0 days 01:42:37.938000,0 days 01:43:14.556000,0 days 01:43:35.479000,206.0,187.0,257.0,282.0,False,HARD,33.0,False,Aston Martin,0 days 01:42:17.786000,,1,2.0,,,False,True,77.637
0 days 01:44:53.239000,ALO,14,0 days 00:01:17.816000,33.0,1.0,,,0 days 00:00:20.289000,0 days 00:00:36.672000,0 days 00:00:20.855000,0 days 01:43:55.768000,0 days 01:44:32.440000,0 days 01:44:53.295000,206.0,188.0,259.0,282.0,False,HARD,34.0,False,Aston Martin,0 days 01:43:35.423000,,1,2.0,,,False,True,77.816
0 days 01:46:12.536000,ALO,14,0 days 00:01:19.297000,34.0,1.0,,,0 days 00:00:20.377000,0 days 00:00:37.388000,0 days 00:00:21.532000,0 days 01:45:13.672000,0 days 01:45:51.060000,0 days 01:46:12.592000,204.0,182.0,265.0,282.0,False,HARD,35.0,False,Aston Martin,0 days 01:44:53.239000,,1,2.0,,,False,True,79.297
0 days 01:47:31.170000,ALO,14,0 days 00:01:18.634000,35.0,1.0,,,0 days 00:00:20.651000,0 days 00:00:37.116000,0 days 00:00:20.867000,0 days 01:46:33.243000,0 days 01:47:10.359000,0 days 01:47:31.226000,198.0,187.0,258.0,279.0,False,HARD,36.0,False,Aston Martin,0 days 01:46:12.536000,,1,2.0,,,False,True,78.634
0 days 01:48:49.046000,ALO,14,0 days 00:01:17.876000,36.0,1.0,,,0 days 00:00:20.203000,0 days 00:00:36.792000,0 days 00:00:20.881000,0 days 01:47:51.429000,0 days 01:48:28.221000,0 days 01:48:49.102000,207.0,186.0,264.0,280.0,False,HARD,37.0,False,Aston Martin,0 days 01:47:31.170000,,1,2.0,,,False,True,77.876
0 days 01:50:07.020000,ALO,14,0 days 00:01:17.974000,37.0,1.0,,,0 days 00:00:20.265000,0 days 00:00:37.020000,0 days 00:00:20.689000,0 days 01:49:09.367000,0 days 01:49:46.387000,0 days 01:50:07.076000,203.0,189.0,257.0,280.0,False,HARD,38.0,False,Aston Martin,0 days 01:48:49.046000,,1,2.0,,,False,True,77.974
0 days 01:51:24.161000,ALO,14,0 days 00:01:17.141000,38.0,1.0,,,0 days 00:00:20.056000,0 days 00:00:36.463000,0 days 00:00:20.622000,0 days 01:50:27.132000,0 days 01:51:03.595000,0 days 01:51:24.217000,210.0,189.0,258.0,279.0,False,HARD,39.0,False,Aston Martin,0 days 01:50:07.020000,,1,2.0,,,False,True,77.141
0 days 01:52:41.866000,ALO,14,0 days 00:01:17.705000,39.0,1.0,,,0 days 00:00:20.213000,0 days 00:00:36.826000,0 days 00:00:20.666000,0 days 01:51:44.430000,0 days 01:52:21.256000,0 days 01:52:41.922000,206.0,190.0,257.0,279.0,False,HARD,40.0,False,Aston Martin,0 days 01:51:24.161000,,1,2.0,,,False,True,77.705
0 days 01:53:59.496000,ALO,14,0 days 00:01:17.630000,40.0,1.0,,,0 days 00:00:20.249000,0 days 00:00:36.856000,0 days 00:00:20.525000,0 days 01:53:02.171000,0 days 01:53:39.027000,0 days 01:53:59.552000,199.0,192.0,256.0,276.0,False,HARD,41.0,False,Aston Martin,0 days 01:52:41.866000,,1,2.0,,,False,True,77.63
0 days 01:55:16.512000,ALO,14,0 days 00:01:17.016000,41.0,1.0,,,0 days 00:00:20.069000,0 days 00:00:36.395000,0 days 00:00:20.552000,0 days 01:54:19.621000,0 days 01:54:56.016000,0 days 01:55:16.568000,208.0,191.0,258.0,278.0,False,HARD,42.0,False,Aston Martin,0 days 01:53:59.496000,,1,2.0,,,False,True,77.016
0 days 01:56:33.231000,ALO,14,0 days 00:01:16.719000,42.0,1.0,,,0 days 00:00:19.940000,0 days 00:00:36.431000,0 days 00:00:20.348000,0 days 01:55:36.508000,0 days 01:56:12.939000,0 days 01:56:33.287000,207.0,191.0,259.0,278.0,True,HARD,43.0,False,Aston Martin,0 days 01:55:16.512000,,1,2.0,,,False,True,76.719
0 days 01:57:49.905000,ALO,14,0 days 00:01:16.674000,43.0,1.0,,,0 days 00:00:19.813000,0 days 00:00:36.396000,0 days 00:00:20.465000,0 days 01:56:53.100000,0 days 01:57:29.496000,0 days 01:57:49.961000,209.0,192.0,258.0,278.0,True,HARD,44.0,False,Aston Martin,0 days 01:56:33.231000,,1,2.0,,,False,True,76.674
0 days 01:59:06.824000,ALO,14,0 days 00:01:16.919000,44.0,1.0,,,0 days 00:00:19.801000,0 days 00:00:36.498000,0 days 00:00:20.620000,0 days 01:58:09.762000,0 days 01:58:46.260000,0 days 01:59:06.880000,212.0,191.0,258.0,277.0,False,HARD,45.0,False,Aston Martin,0 days 01:57:49.905000,,1,2.0,,,False,True,76.919
0 days 02:00:23.686000,ALO,14,0 days 00:01:16.862000,45.0,1.0,,,0 days 00:00:19.904000,0 days 00:00:36.379000,0 days 00:00:20.579000,0 days 01:59:26.784000,0 days 02:00:03.163000,0 days 02:00:23.742000,211.0,192.0,259.0,278.0,False,HARD,46.0,False,Aston Martin,0 days 01:59:06.824000,,1,2.0,,,False,True,76.862
0 days 02:01:40.800000,ALO,14,0 days 00:01:17.114000,46.0,1.0,,,0 days 00:00:19.866000,0 days 00:00:36.563000,0 days 00:00:20.685000,0 days 02:00:43.608000,0 days 02:01:20.171000,0 days 02:01:40.856000,211.0,190.0,258.0,278.0,False,HARD,47.0,False,Aston Martin,0 days 02:00:23.686000,,1,2.0,,,False,True,77.114
0 days 02:02:57.908000,ALO,14,0 days 00:01:17.108000,47.0,1.0,,,0 days 00:00:19.867000,0 days 00:00:36.608000,0 days 00:00:20.633000,0 days 02:02:00.723000,0 days 02:02:37.331000,0 days 02:02:57.964000,210.0,191.0,259.0,279.0,False,HARD,48.0,False,Aston Martin,0 days 02:01:40.800000,,1,2.0,,,False,True,77.108
0 days 02:04:14.839000,ALO,14,0 days 00:01:16.931000,48.0,1.0,,,0 days 00:00:19.939000,0 days 00:00:36.441000,0 days 00:00:20.551000,0 days 02:03:17.903000,0 days 02:03:54.344000,0 days 02:04:14.895000,210.0,192.0,258.0,279.0,False,HARD,49.0,False,Aston Martin,0 days 02:02:57.908000,,1,2.0,,,False,True,76.931
0 days 02:05:31.831000,ALO,14,0 days 00:01:16.992000,49.0,1.0,,,0 days 00:00:19.967000,0 days 00:00:36.487000,0 days 00:00:20.538000,0 days 02:04:34.862000,0 days 02:05:11.349000,0 days 02:05:31.887000,211.0,190.0,258.0,279.0,False,HARD,50.0,False,Aston Martin,0 days 02:04:14.839000,,1,2.0,,,False,True,76.992
0 days 02:06:49.239000,ALO,14,0 days 00:01:17.408000,50.0,1.0,,,0 days 00:00:20.235000,0 days 00:00:36.595000,0 days 00:00:20.578000,0 days 02:05:52.122000,0 days 02:06:28.717000,0 days 02:06:49.295000,206.0,190.0,260.0,279.0,False,HARD,51.0,False,Aston Martin,0 days 02:05:31.831000,,1,2.0,,,False,True,77.408
0 days 02:08:09.230000,ALO,14,0 days 00:01:19.991000,51.0,1.0,,,0 days 00:00:20.122000,0 days 00:00:38.591000,0 days 00:00:21.278000,0 days 02:07:09.417000,0 days 02:07:48.008000,0 days 02:08:09.286000,206.0,176.0,258.0,278.0,False,HARD,52.0,False,Aston Martin,0 days 02:06:49.239000,,1,2.0,,,False,True,79.991
0 days 02:09:34.197000,ALO,14,0 days 00:01:24.967000,52.0,1.0,,,0 days 00:00:21.314000,0 days 00:00:41.811000,0 days 00:00:21.842000,0 days 02:08:30.600000,0 days 02:09:12.411000,0 days 02:09:34.253000,187.0,174.0,258.0,276.0,False,HARD,53.0,False,Aston Martin,0 days 02:08:09.230000,,1,2.0,,,False,True,84.967
0 days 02:11:05.059000,ALO,14,0 days 00:01:30.862000,53.0,1.0,,,0 days 00:00:24.002000,0 days 00:00:44.284000,0 days 00:00:22.576000,0 days 02:09:58.255000,0 days 02:10:42.539000,0 days 02:11:05.115000,131.0,165.0,256.0,274.0,False,HARD,54.0,False,Aston Martin,0 days 02:09:34.197000,,1,2.0,,,False,True,90.862
0 days 02:12:55.370000,ALO,14,0 days 00:01:50.311000,54.0,1.0,,0 days 02:12:31.906000,0 days 00:00:23.855000,0 days 00:00:46.657000,0 days 00:00:39.799000,0 days 02:11:28.970000,0 days 02:12:15.627000,0 days 02:12:55.426000,133.0,159.0,,271.0,False,HARD,55.0,False,Aston Martin,0 days 02:11:05.059000,,1,2.0,,,False,False,110.311
0 days 02:15:02.005000,ALO,14,0 days 00:02:06.635000,55.0,2.0,0 days 02:12:56.125000,0 days 02:14:36.873000,0 days 00:00:28.660000,0 days 00:00:51.697000,0 days 00:00:46.278000,0 days 02:13:24.086000,0 days 02:14:15.783000,0 days 02:15:02.061000,119.0,118.0,,253.0,False,MEDIUM,2.0,False,Aston Martin,0 days 02:12:55.370000,,12,2.0,,,False,False,126.635
0 days 02:16:50.536000,ALO,14,0 days 00:01:48.531000,56.0,3.0,0 days 02:15:02.716000,,0 days 00:00:28.632000,0 days 00:00:52.761000,0 days 00:00:27.138000,0 days 02:15:30.693000,0 days 02:16:23.454000,0 days 02:16:50.592000,96.0,138.0,249.0,240.0,False,INTERMEDIATE,1.0,True,Aston Martin,0 days 02:15:02.005000,,21,2.0,,,False,False,108.531
0 days 02:18:33.117000,ALO,14,0 days 00:01:42.581000,57.0,3.0,,,0 days 00:00:27.468000,0 days 00:00:48.109000,0 days 00:00:27.004000,0 days 02:17:18.060000,0 days 02:18:06.169000,0 days 02:18:33.173000,116.0,136.0,250.0,257.0,False,INTERMEDIATE,2.0,True,Aston Martin,0 days 02:16:50.536000,,1,2.0,,,False,True,102.581
0 days 02:20:14.384000,ALO,14,0 days 00:01:41.267000,58.0,3.0,,,0 days 00:00:27.014000,0 days 00:00:48.020000,0 days 00:00:26.233000,0 days 02:19:00.187000,0 days 02:19:48.207000,0 days 02:20:14.440000,125.0,138.0,248.0,255.0,False,INTERMEDIATE,3.0,True,Aston Martin,0 days 02:18:33.117000,,12,2.0,,,False,True,101.267
0 days 02:21:55.281000,ALO,14,0 days 00:01:40.897000,59.0,3.0,,,0 days 00:00:27.060000,0 days 00:00:47.367000,0 days 00:00:26.470000,0 days 02:20:41.500000,0 days 02:21:28.867000,0 days 02:21:55.337000,133.0,139.0,251.0,260.0,False,INTERMEDIATE,4.0,True,Aston Martin,0 days 02:20:14.384000,,21,2.0,,,False,True,100.897
0 days 02:23:35.919000,ALO,14,0 days 00:01:40.638000,60.0,3.0,,,0 days 00:00:26.776000,0 days 00:00:47.743000,0 days 00:00:26.119000,0 days 02:22:22.113000,0 days 02:23:09.856000,0 days 02:23:35.975000,138.0,132.0,250.0,267.0,False,INTERMEDIATE,5.0,True,Aston Martin,0 days 02:21:55.281000,,12,2.0,,,False,True,100.638
0 days 02:25:18.646000,ALO,14,0 days 00:01:42.727000,61.0,3.0,,,0 days 00:00:26.367000,0 days 00:00:48.926000,0 days 00:00:27.434000,0 days 02:24:02.342000,0 days 02:24:51.268000,0 days 02:25:18.702000,141.0,129.0,250.0,242.0,False,INTERMEDIATE,6.0,True,Aston Martin,0 days 02:23:35.919000,,12,2.0,,,False,True,102.727
0 days 02:26:59.113000,ALO,14,0 days 00:01:40.467000,62.0,3.0,,,0 days 00:00:26.363000,0 days 00:00:48.029000,0 days 00:00:26.075000,0 days 02:25:45.065000,0 days 02:26:33.094000,0 days 02:26:59.169000,138.0,136.0,251.0,251.0,False,INTERMEDIATE,7.0,True,Aston Martin,0 days 02:25:18.646000,,1,2.0,,,False,True,100.467
0 days 02:28:38.784000,ALO,14,0 days 00:01:39.671000,63.0,3.0,,,0 days 00:00:26.319000,0 days 00:00:47.663000,0 days 00:00:25.689000,0 days 02:27:25.488000,0 days 02:28:13.151000,0 days 02:28:38.840000,131.0,137.0,252.0,266.0,False,INTERMEDIATE,8.0,True,Aston Martin,0 days 02:26:59.113000,,1,2.0,,,False,True,99.671
0 days 02:30:16.919000,ALO,14,0 days 00:01:38.135000,64.0,3.0,,,0 days 00:00:26.027000,0 days 00:00:46.527000,0 days 00:00:25.581000,0 days 02:29:04.867000,0 days 02:29:51.394000,0 days 02:30:16.975000,136.0,138.0,253.0,259.0,False,INTERMEDIATE,9.0,True,Aston Martin,0 days 02:28:38.784000,,1,2.0,,,False,True,98.135
0 days 02:31:54.559000,ALO,14,0 days 00:01:37.640000,65.0,3.0,,,0 days 00:00:25.477000,0 days 00:00:47.158000,0 days 00:00:25.005000,0 days 02:30:42.452000,0 days 02:31:29.610000,0 days 02:31:54.615000,135.0,135.0,254.0,263.0,False,INTERMEDIATE,10.0,True,Aston Martin,0 days 02:30:16.919000,,1,2.0,,,False,True,97.64
0 days 02:33:30.891000,ALO,14,0 days 00:01:36.332000,66.0,3.0,,,0 days 00:00:25.340000,0 days 00:00:46.386000,0 days 00:00:24.606000,0 days 02:32:19.955000,0 days 02:33:06.341000,0 days 02:33:30.947000,144.0,140.0,254.0,272.0,False,INTERMEDIATE,11.0,True,Aston Martin,0 days 02:31:54.559000,,1,2.0,,,False,True,96.332
0 days 02:35:04.096000,ALO,14,0 days 00:01:33.205000,67.0,3.0,,,0 days 00:00:24.615000,0 days 00:00:45.444000,0 days 00:00:23.146000,0 days 02:33:55.562000,0 days 02:34:41.006000,0 days 02:35:04.152000,142.0,145.0,258.0,275.0,False,INTERMEDIATE,12.0,True,Aston Martin,0 days 02:33:30.891000,,1,2.0,,,False,True,93.205
0 days 02:36:36.937000,ALO,14,0 days 00:01:32.841000,68.0,3.0,,,0 days 00:00:24.387000,0 days 00:00:45.525000,0 days 00:00:22.929000,0 days 02:35:28.539000,0 days 02:36:14.064000,0 days 02:36:36.993000,148.0,148.0,259.0,276.0,False,INTERMEDIATE,13.0,True,Aston Martin,0 days 02:35:04.096000,,1,2.0,,,False,True,92.841
0 days 02:38:10.801000,ALO,14,0 days 00:01:33.864000,69.0,3.0,,,0 days 00:00:24.955000,0 days 00:00:45.556000,0 days 00:00:23.353000,0 days 02:37:01.948000,0 days 02:37:47.504000,0 days 02:38:10.857000,131.0,152.0,256.0,275.0,False,INTERMEDIATE,14.0,True,Aston Martin,0 days 02:36:36.937000,,12,2.0,,,False,True,93.864
0 days 02:39:42.031000,ALO,14,0 days 00:01:31.230000,70.0,3.0,,,0 days 00:00:24.359000,0 days 00:00:44.422000,0 days 00:00:22.449000,0 days 02:38:35.216000,0 days 02:39:19.638000,0 days 02:39:42.087000,138.0,155.0,259.0,275.0,False,INTERMEDIATE,15.0,True,Aston Martin,0 days 02:38:10.801000,,1,2.0,,,False,True,91.23
0 days 02:41:13.088000,ALO,14,0 days 00:01:31.057000,71.0,3.0,,,0 days 00:00:23.765000,0 days 00:00:44.952000,0 days 00:00:22.340000,0 days 02:40:05.852000,0 days 02:40:50.804000,0 days 02:41:13.144000,143.0,155.0,259.0,275.0,False,INTERMEDIATE,16.0,True,Aston Martin,0 days 02:39:42.031000,,1,2.0,,,False,True,91.057
0 days 02:42:42.507000,ALO,14,0 days 00:01:29.419000,72.0,3.0,,,0 days 00:00:23.604000,0 days 00:00:43.530000,0 days 00:00:22.285000,0 days 02:41:36.748000,0 days 02:42:20.278000,0 days 02:42:42.563000,145.0,169.0,257.0,276.0,False,INTERMEDIATE,17.0,True,Aston Martin,0 days 02:41:13.088000,,1,2.0,,,False,True,89.419
0 days 02:44:12.853000,ALO,14,0 days 00:01:30.346000,73.0,3.0,,,0 days 00:00:24.253000,0 days 00:00:43.531000,0 days 00:00:22.562000,0 days 02:43:06.816000,0 days 02:43:50.347000,0 days 02:44:12.909000,145.0,169.0,258.0,274.0,False,INTERMEDIATE,18.0,True,Aston Martin,0 days 02:42:42.507000,,1,2.0,,,False,True,90.346
0 days 02:45:40.098000,ALO,14,0 days 00:01:27.245000,74.0,3.0,,,0 days 00:00:23.068000,0 days 00:00:42.166000,0 days 00:00:22.011000,0 days 02:44:35.977000,0 days 02:45:18.143000,0 days 02:45:40.154000,150.0,173.0,259.0,276.0,False,INTERMEDIATE,19.0,True,Aston Martin,0 days 02:44:12.853000,,1,2.0,,,False,True,87.245
0 days 02:47:05.798000,ALO,14,0 days 00:01:25.700000,75.0,3.0,,,0 days 00:00:22.592000,0 days 00:00:41.209000,0 days 00:00:21.899000,0 days 02:46:02.746000,0 days 02:46:43.955000,0 days 02:47:05.854000,151.0,176.0,260.0,276.0,False,INTERMEDIATE,20.0,True,Aston Martin,0 days 02:45:40.098000,,1,2.0,,,False,True,85.7
0 days 02:48:32.729000,ALO,14,0 days 00:01:26.931000,76.0,3.0,,,0 days 00:00:23.072000,0 days 00:00:41.645000,0 days 00:00:22.214000,0 days 02:47:28.926000,0 days 02:48:10.571000,0 days 02:48:32.785000,141.0,175.0,258.0,274.0,False,INTERMEDIATE,21.0,True,Aston Martin,0 days 02:47:05.798000,,1,2.0,,,False,True,86.931
0 days 02:49:57.430000,ALO,14,0 days 00:01:24.701000,77.0,3.0,,,0 days 00:00:22.164000,0 days 00:00:40.949000,0 days 00:00:21.588000,0 days 02:48:54.949000,0 days 02:49:35.898000,0 days 02:49:57.486000,161.0,178.0,259.0,275.0,False,INTERMEDIATE,22.0,True,Aston Martin,0 days 02:48:32.729000,,1,2.0,,,False,True,84.701
0 days 02:51:23.098000,ALO,14,0 days 00:01:25.668000,78.0,3.0,,,0 days 00:00:22.513000,0 days 00:00:40.910000,0 days 00:00:22.245000,0 days 02:50:19.999000,0 days 02:51:00.909000,0 days 02:51:23.154000,164.0,175.0,248.0,276.0,False,INTERMEDIATE,23.0,True,Aston Martin,0 days 02:49:57.430000,,1,2.0,,,False,True,85.668
0 days 01:03:29.836000,OCO,31,0 days 00:01:26.639000,1.0,1.0,,,,0 days 00:00:38.186000,0 days 00:00:21.587000,,0 days 01:03:08.324000,0 days 01:03:29.949000,168.0,176.0,255.0,270.0,False,MEDIUM,1.0,True,Alpine,0 days 01:02:02.950000,,12,3.0,,,False,False,86.639
0 days 01:04:50.137000,OCO,31,0 days 00:01:20.301000,2.0,1.0,,,0 days 00:00:21.245000,0 days 00:00:37.737000,0 days 00:00:21.319000,0 days 01:03:51.118000,0 days 01:04:28.855000,0 days 01:04:50.174000,172.0,178.0,256.0,275.0,True,MEDIUM,2.0,True,Alpine,0 days 01:03:29.836000,,1,3.0,,,False,True,80.301
0 days 01:06:09.841000,OCO,31,0 days 00:01:19.704000,3.0,1.0,,,0 days 00:00:21.039000,0 days 00:00:37.387000,0 days 00:00:21.278000,0 days 01:05:11.213000,0 days 01:05:48.600000,0 days 01:06:09.878000,177.0,179.0,256.0,271.0,True,MEDIUM,3.0,True,Alpine,0 days 01:04:50.137000,,1,3.0,,,False,True,79.704
0 days 01:07:29.155000,OCO,31,0 days 00:01:19.314000,4.0,1.0,,,0 days 00:00:21.005000,0 days 00:00:37.074000,0 days 00:00:21.235000,0 days 01:06:30.883000,0 days 01:07:07.957000,0 days 01:07:29.192000,187.0,182.0,255.0,274.0,True,MEDIUM,4.0,True,Alpine,0 days 01:06:09.841000,,1,3.0,,,False,True,79.314
0 days 01:08:48.196000,OCO,31,0 days 00:01:19.041000,5.0,1.0,,,0 days 00:00:20.976000,0 days 00:00:37.031000,0 days 00:00:21.034000,0 days 01:07:50.168000,0 days 01:08:27.199000,0 days 01:08:48.233000,184.0,185.0,255.0,273.0,True,MEDIUM,5.0,True,Alpine,0 days 01:07:29.155000,,1,3.0,,,False,True,79.041
0 days 01:10:06.927000,OCO,31,0 days 00:01:18.731000,6.0,1.0,,,0 days 00:00:20.863000,0 days 00:00:36.825000,0 days 00:00:21.043000,0 days 01:09:09.096000,0 days 01:09:45.921000,0 days 01:10:06.964000,182.0,184.0,255.0,274.0,True,MEDIUM,6.0,True,Alpine,0 days 01:08:48.196000,,1,3.0,,,False,True,78.731
0 days 01:11:25.709000,OCO,31,0 days 00:01:18.782000,7.0,1.0,,,0 days 00:00:20.897000,0 days 00:00:36.859000,0 days 00:00:21.026000,0 days 01:10:27.861000,0 days 01:11:04.720000,0 days 01:11:25.746000,183.0,184.0,255.0,274.0,False,MEDIUM,7.0,True,Alpine,0 days 01:10:06.927000,,1,3.0,,,False,True,78.782
0 days 01:12:44.242000,OCO,31,0 days 00:01:18.533000,8.0,1.0,,,0 days 00:00:20.786000,0 days 00:00:36.752000,0 days 00:00:20.995000,0 days 01:11:46.532000,0 days 01:12:23.284000,0 days 01:12:44.279000,188.0,185.0,255.0,274.0,True,MEDIUM,8.0,True,Alpine,0 days 01:11:25.709000,,1,3.0,,,False,True,78.533
0 days 01:14:02.836000,OCO,31,0 days 00:01:18.594000,9.0,1.0,,,0 days 00:00:20.670000,0 days 00:00:36.813000,0 days 00:00:21.111000,0 days 01:13:04.949000,0 days 01:13:41.762000,0 days 01:14:02.873000,187.0,186.0,255.0,274.0,False,MEDIUM,9.0,True,Alpine,0 days 01:12:44.242000,,1,3.0,,,False,True,78.594
0 days 01:15:21.296000,OCO,31,0 days 00:01:18.460000,10.0,1.0,,,0 days 00:00:20.863000,0 days 00:00:36.800000,0 days 00:00:20.797000,0 days 01:14:23.736000,0 days 01:15:00.536000,0 days 01:15:21.333000,182.0,186.0,255.0,274.0,True,MEDIUM,10.0,True,Alpine,0 days 01:14:02.836000,,1,3.0,,,False,True,78.46
0 days 01:16:39.567000,OCO,31,0 days 00:01:18.271000,11.0,1.0,,,0 days 00:00:20.676000,0 days 00:00:36.376000,0 days 00:00:21.219000,0 days 01:15:42.009000,0 days 01:16:18.385000,0 days 01:16:39.604000,190.0,181.0,254.0,274.0,True,MEDIUM,11.0,True,Alpine,0 days 01:15:21.296000,,1,3.0,,,False,True,78.271
0 days 01:17:58.082000,OCO,31,0 days 00:01:18.515000,12.0,1.0,,,0 days 00:00:20.771000,0 days 00:00:36.747000,0 days 00:00:20.997000,0 days 01:17:00.375000,0 days 01:17:37.122000,0 days 01:17:58.119000,188.0,186.0,254.0,273.0,False,MEDIUM,12.0,True,Alpine,0 days 01:16:39.567000,,12,3.0,,,False,True,78.515
0 days 01:19:16.107000,OCO,31,0 days 00:01:18.025000,13.0,1.0,,,0 days 00:00:20.578000,0 days 00:00:36.528000,0 days 00:00:20.919000,0 days 01:18:18.697000,0 days 01:18:55.225000,0 days 01:19:16.144000,187.0,184.0,254.0,274.0,True,MEDIUM,13.0,True,Alpine,0 days 01:17:58.082000,,1,3.0,,,False,True,78.025
0 days 01:20:34.162000,OCO,31,0 days 00:01:18.055000,14.0,1.0,,,0 days 00:00:20.559000,0 days 00:00:36.746000,0 days 00:00:20.750000,0 days 01:19:36.703000,0 days 01:20:13.449000,0 days 01:20:34.199000,188.0,187.0,254.0,273.0,False,MEDIUM,14.0,True,Alpine,0 days 01:19:16.107000,,12,3.0,,,False,True,78.055
0 days 01:21:52.180000,OCO,31,0 days 00:01:18.018000,15.0,1.0,,,0 days 00:00:20.555000,0 days 00:00:36.599000,0 days 00:00:20.864000,0 days 01:20:54.754000,0 days 01:21:31.353000,0 days 01:21:52.217000,190.0,185.0,254.0,274.0,True,MEDIUM,15.0,True,Alpine,0 days 01:20:34.162000,,1,3.0,,,False,True,78.018
0 days 01:23:10.128000,OCO,31,0 days 00:01:17.948000,16.0,1.0,,,0 days 00:00:20.511000,0 days 00:00:36.525000,0 days 00:00:20.912000,0 days 01:22:12.728000,0 days 01:22:49.253000,0 days 01:23:10.165000,187.0,185.0,253.0,274.0,True,MEDIUM,16.0,True,Alpine,0 days 01:21:52.180000,,1,3.0,,,False,True,77.948
0 days 01:24:28.500000,OCO,31,0 days 00:01:18.372000,17.0,1.0,,,0 days 00:00:20.713000,0 days 00:00:36.720000,0 days 00:00:20.939000,0 days 01:23:30.878000,0 days 01:24:07.598000,0 days 01:24:28.537000,186.0,182.0,254.0,274.0,False,MEDIUM,17.0,True,Alpine,0 days 01:23:10.128000,,1,3.0,,,False,True,78.372
0 days 01:25:46.720000,OCO,31,0 days 00:01:18.220000,18.0,1.0,,,0 days 00:00:20.604000,0 days 00:00:36.763000,0 days 00:00:20.853000,0 days 01:24:49.141000,0 days 01:25:25.904000,0 days 01:25:46.757000,183.0,186.0,254.0,274.0,False,MEDIUM,18.0,True,Alpine,0 days 01:24:28.500000,,1,3.0,,,False,True,78.22
0 days 01:27:04.794000,OCO,31,0 days 00:01:18.074000,19.0,1.0,,,0 days 00:00:20.494000,0 days 00:00:36.677000,0 days 00:00:20.903000,0 days 01:26:07.251000,0 days 01:26:43.928000,0 days 01:27:04.831000,187.0,184.0,254.0,274.0,False,MEDIUM,19.0,True,Alpine,0 days 01:25:46.720000,,1,3.0,,,False,True,78.074
0 days 01:28:22.881000,OCO,31,0 days 00:01:18.087000,20.0,1.0,,,0 days 00:00:20.625000,0 days 00:00:36.647000,0 days 00:00:20.815000,0 days 01:27:25.456000,0 days 01:28:02.103000,0 days 01:28:22.918000,189.0,186.0,254.0,275.0,False,MEDIUM,20.0,True,Alpine,0 days 01:27:04.794000,,1,3.0,,,False,True,78.087
0 days 01:29:41.042000,OCO,31,0 days 00:01:18.161000,21.0,1.0,,,0 days 00:00:20.634000,0 days 00:00:36.567000,0 days 00:00:20.960000,0 days 01:28:43.552000,0 days 01:29:20.119000,0 days 01:29:41.079000,186.0,186.0,254.0,275.0,False,MEDIUM,21.0,True,Alpine,0 days 01:28:22.881000,,1,3.0,,,False,True,78.161
0 days 01:30:59.099000,OCO,31,0 days 00:01:18.057000,22.0,1.0,,,0 days 00:00:20.636000,0 days 00:00:36.634000,0 days 00:00:20.787000,0 days 01:30:01.715000,0 days 01:30:38.349000,0 days 01:30:59.136000,185.0,186.0,254.0,275.0,False,MEDIUM,22.0,True,Alpine,0 days 01:29:41.042000,,1,3.0,,,False,True,78.057
0 days 01:32:16.972000,OCO,31,0 days 00:01:17.873000,23.0,1.0,,,0 days 00:00:20.401000,0 days 00:00:36.513000,0 days 00:00:20.959000,0 days 01:31:19.537000,0 days 01:31:56.050000,0 days 01:32:17.009000,192.0,188.0,254.0,274.0,True,MEDIUM,23.0,True,Alpine,0 days 01:30:59.099000,,1,3.0,,,False,True,77.873
0 days 01:33:34.470000,OCO,31,0 days 00:01:17.498000,24.0,1.0,,,0 days 00:00:20.459000,0 days 00:00:36.435000,0 days 00:00:20.604000,0 days 01:32:37.468000,0 days 01:33:13.903000,0 days 01:33:34.507000,191.0,189.0,254.0,275.0,True,MEDIUM,24.0,True,Alpine,0 days 01:32:16.972000,,1,3.0,,,False,True,77.498
0 days 01:34:51.921000,OCO,31,0 days 00:01:17.451000,25.0,1.0,,,0 days 00:00:20.327000,0 days 00:00:36.282000,0 days 00:00:20.842000,0 days 01:33:54.834000,0 days 01:34:31.116000,0 days 01:34:51.958000,190.0,190.0,254.0,275.0,True,MEDIUM,25.0,True,Alpine,0 days 01:33:34.470000,,1,3.0,,,False,True,77.451
0 days 01:36:09.354000,OCO,31,0 days 00:01:17.433000,26.0,1.0,,,0 days 00:00:20.243000,0 days 00:00:36.471000,0 days 00:00:20.719000,0 days 01:35:12.201000,0 days 01:35:48.672000,0 days 01:36:09.391000,192.0,191.0,254.0,274.0,True,MEDIUM,26.0,True,Alpine,0 days 01:34:51.921000,,1,3.0,,,False,True,77.433
0 days 01:37:26.499000,OCO,31,0 days 00:01:17.145000,27.0,1.0,,,0 days 00:00:20.243000,0 days 00:00:36.311000,0 days 00:00:20.591000,,0 days 01:37:05.945000,0 days 01:37:26.536000,191.0,192.0,254.0,275.0,True,MEDIUM,27.0,True,Alpine,0 days 01:36:09.354000,,1,3.0,,,False,True,77.145
0 days 01:38:43.437000,OCO,31,0 days 00:01:16.938000,28.0,1.0,,,0 days 00:00:20.036000,0 days 00:00:36.287000,0 days 00:00:20.615000,0 days 01:37:46.572000,0 days 01:38:22.859000,0 days 01:38:43.474000,191.0,191.0,254.0,275.0,True,MEDIUM,28.0,True,Alpine,0 days 01:37:26.499000,,1,3.0,,,False,True,76.938
0 days 01:40:00.616000,OCO,31,0 days 00:01:17.179000,29.0,1.0,,,0 days 00:00:20.100000,0 days 00:00:36.336000,0 days 00:00:20.743000,0 days 01:39:03.574000,0 days 01:39:39.910000,0 days 01:40:00.653000,196.0,188.0,254.0,275.0,False,MEDIUM,29.0,True,Alpine,0 days 01:38:43.437000,,1,3.0,,,False,True,77.179
0 days 01:41:17.950000,OCO,31,0 days 00:01:17.334000,30.0,1.0,,,0 days 00:00:20.196000,0 days 00:00:36.489000,0 days 00:00:20.649000,0 days 01:40:20.849000,0 days 01:40:57.338000,0 days 01:41:17.987000,191.0,194.0,254.0,275.0,False,MEDIUM,30.0,True,Alpine,0 days 01:40:00.616000,,1,3.0,,,False,True,77.334
0 days 01:42:35.281000,OCO,31,0 days 00:01:17.331000,31.0,1.0,,,0 days 00:00:20.230000,0 days 00:00:36.391000,0 days 00:00:20.710000,0 days 01:41:38.217000,0 days 01:42:14.608000,0 days 01:42:35.318000,193.0,190.0,254.0,275.0,False,MEDIUM,31.0,True,Alpine,0 days 01:41:17.950000,,1,3.0,,,False,True,77.331
0 days 01:44:09.949000,OCO,31,0 days 00:01:34.668000,32.0,1.0,,0 days 01:43:44.750000,0 days 00:00:19.996000,0 days 00:00:35.889000,0 days 00:00:38.783000,0 days 01:42:55.314000,0 days 01:43:31.203000,0 days 01:44:09.986000,195.0,195.0,,276.0,False,MEDIUM,32.0,True,Alpine,0 days 01:42:35.281000,,1,7.0,,,False,False,94.668
0 days 01:45:29.238000,OCO,31,0 days 00:01:19.289000,33.0,2.0,0 days 01:44:10.702000,,0 days 00:00:22.988000,0 days 00:00:36.090000,0 days 00:00:20.211000,0 days 01:44:32.974000,0 days 01:45:09.064000,0 days 01:45:29.275000,187.0,191.0,256.0,277.0,False,HARD,1.0,True,Alpine,0 days 01:44:09.949000,,1,7.0,,,False,False,79.289
0 days 01:46:46.188000,OCO,31,0 days 00:01:16.950000,34.0,2.0,,,0 days 00:00:20.202000,0 days 00:00:36.129000,0 days 00:00:20.619000,0 days 01:45:49.477000,0 days 01:46:25.606000,0 days 01:46:46.225000,193.0,189.0,256.0,277.0,False,HARD,2.0,True,Alpine,0 days 01:45:29.238000,,1,6.0,,,False,True,76.95
0 days 01:48:03.283000,OCO,31,0 days 00:01:17.095000,35.0,2.0,,,0 days 00:00:20.230000,0 days 00:00:36.402000,0 days 00:00:20.463000,0 days 01:47:06.455000,0 days 01:47:42.857000,0 days 01:48:03.320000,190.0,192.0,256.0,278.0,False,HARD,3.0,True,Alpine,0 days 01:46:46.188000,,1,6.0,,,False,True,77.095
0 days 01:49:20.587000,OCO,31,0 days 00:01:17.304000,36.0,2.0,,,0 days 00:00:20.222000,0 days 00:00:36.360000,0 days 00:00:20.722000,0 days 01:48:23.542000,0 days 01:48:59.902000,0 days 01:49:20.624000,185.0,191.0,258.0,279.0,False,HARD,4.0,True,Alpine,0 days 01:48:03.283000,,1,6.0,,,False,True,77.304
0 days 01:50:37.727000,OCO,31,0 days 00:01:17.140000,37.0,2.0,,,0 days 00:00:20.192000,0 days 00:00:36.372000,0 days 00:00:20.576000,0 days 01:49:40.816000,0 days 01:50:17.188000,0 days 01:50:37.764000,192.0,190.0,257.0,279.0,False,HARD,5.0,True,Alpine,0 days 01:49:20.587000,,1,6.0,,,False,True,77.14
0 days 01:51:54.775000,OCO,31,0 days 00:01:17.048000,38.0,2.0,,,0 days 00:00:20.014000,0 days 00:00:36.412000,0 days 00:00:20.622000,0 days 01:50:57.778000,0 days 01:51:34.190000,0 days 01:51:54.812000,193.0,190.0,257.0,280.0,False,HARD,6.0,True,Alpine,0 days 01:50:37.727000,,1,6.0,,,False,True,77.048
0 days 01:53:11.944000,OCO,31,0 days 00:01:17.169000,39.0,2.0,,,0 days 00:00:20.027000,0 days 00:00:36.426000,0 days 00:00:20.716000,0 days 01:52:14.839000,0 days 01:52:51.265000,0 days 01:53:11.981000,187.0,193.0,256.0,279.0,False,HARD,7.0,True,Alpine,0 days 01:51:54.775000,,1,6.0,,,False,True,77.169
0 days 01:54:28.969000,OCO,31,0 days 00:01:17.025000,40.0,2.0,,,0 days 00:00:19.932000,0 days 00:00:36.349000,0 days 00:00:20.744000,0 days 01:53:31.913000,0 days 01:54:08.262000,0 days 01:54:29.006000,195.0,191.0,256.0,279.0,False,HARD,8.0,True,Alpine,0 days 01:53:11.944000,,1,6.0,,,False,True,77.025
0 days 01:55:45.497000,OCO,31,0 days 00:01:16.528000,41.0,2.0,,,0 days 00:00:19.970000,0 days 00:00:35.987000,0 days 00:00:20.571000,0 days 01:54:48.976000,0 days 01:55:24.963000,0 days 01:55:45.534000,195.0,193.0,257.0,279.0,True,HARD,9.0,True,Alpine,0 days 01:54:28.969000,,1,6.0,,,False,True,76.528
0 days 01:57:02.507000,OCO,31,0 days 00:01:17.010000,42.0,2.0,,,0 days 00:00:20.060000,0 days 00:00:36.267000,0 days 00:00:20.683000,0 days 01:56:05.594000,0 days 01:56:41.861000,0 days 01:57:02.544000,192.0,192.0,257.0,280.0,False,HARD,10.0,True,Alpine,0 days 01:55:45.497000,,1,6.0,,,False,True,77.01
0 days 01:58:19.509000,OCO,31,0 days 00:01:17.002000,43.0,2.0,,,0 days 00:00:20.005000,0 days 00:00:36.368000,0 days 00:00:20.629000,0 days 01:57:22.549000,0 days 01:57:58.917000,0 days 01:58:19.546000,198.0,189.0,258.0,280.0,False,HARD,11.0,True,Alpine,0 days 01:57:02.507000,,1,6.0,,,False,True,77.002
0 days 01:59:36.542000,OCO,31,0 days 00:01:17.033000,44.0,2.0,,,0 days 00:00:19.950000,0 days 00:00:36.249000,0 days 00:00:20.834000,0 days 01:58:39.496000,0 days 01:59:15.745000,0 days 01:59:36.579000,196.0,193.0,257.0,281.0,False,HARD,12.0,True,Alpine,0 days 01:58:19.509000,,1,5.0,,,False,True,77.033
0 days 02:00:53.813000,OCO,31,0 days 00:01:17.271000,45.0,2.0,,,0 days 00:00:20.057000,0 days 00:00:36.452000,0 days 00:00:20.762000,0 days 01:59:56.636000,0 days 02:00:33.088000,0 days 02:00:53.850000,194.0,190.0,258.0,281.0,False,HARD,13.0,True,Alpine,0 days 01:59:36.542000,,1,5.0,,,False,True,77.271
0 days 02:02:10.588000,OCO,31,0 days 00:01:16.775000,46.0,2.0,,,0 days 00:00:19.946000,0 days 00:00:36.170000,0 days 00:00:20.659000,0 days 02:01:13.796000,0 days 02:01:49.966000,0 days 02:02:10.625000,197.0,193.0,258.0,281.0,False,HARD,14.0,True,Alpine,0 days 02:00:53.813000,,1,5.0,,,False,True,76.775
0 days 02:03:27.550000,OCO,31,0 days 00:01:16.962000,47.0,2.0,,,0 days 00:00:20.042000,0 days 00:00:36.316000,0 days 00:00:20.604000,0 days 02:02:30.667000,0 days 02:03:06.983000,0 days 02:03:27.587000,199.0,193.0,258.0,282.0,False,HARD,15.0,True,Alpine,0 days 02:02:10.588000,,1,4.0,,,False,True,76.962
0 days 02:04:44.518000,OCO,31,0 days 00:01:16.968000,48.0,2.0,,,0 days 00:00:20.096000,0 days 00:00:36.270000,0 days 00:00:20.602000,0 days 02:03:47.683000,0 days 02:04:23.953000,0 days 02:04:44.555000,196.0,190.0,257.0,282.0,False,HARD,16.0,True,Alpine,0 days 02:03:27.550000,,1,4.0,,,False,True,76.968
0 days 02:06:01.608000,OCO,31,0 days 00:01:17.090000,49.0,2.0,,,0 days 00:00:20.129000,0 days 00:00:36.229000,0 days 00:00:20.732000,0 days 02:05:04.684000,0 days 02:05:40.913000,0 days 02:06:01.645000,187.0,191.0,256.0,283.0,False,HARD,17.0,True,Alpine,0 days 02:04:44.518000,,1,4.0,,,False,True,77.09
0 days 02:07:19.444000,OCO,31,0 days 00:01:17.836000,50.0,2.0,,,0 days 00:00:20.276000,0 days 00:00:36.756000,0 days 00:00:20.804000,0 days 02:06:21.921000,0 days 02:06:58.677000,0 days 02:07:19.481000,190.0,188.0,258.0,282.0,False,HARD,18.0,True,Alpine,0 days 02:06:01.608000,,1,4.0,,,False,True,77.836
0 days 02:08:38.897000,OCO,31,0 days 00:01:19.453000,51.0,2.0,,,0 days 00:00:20.478000,0 days 00:00:37.705000,0 days 00:00:21.270000,0 days 02:07:39.959000,0 days 02:08:17.664000,0 days 02:08:38.934000,191.0,184.0,259.0,281.0,False,HARD,19.0,True,Alpine,0 days 02:07:19.444000,,1,4.0,,,False,True,79.453
0 days 02:10:05.887000,OCO,31,0 days 00:01:26.990000,52.0,2.0,,,0 days 00:00:21.480000,0 days 00:00:42.451000,0 days 00:00:23.059000,0 days 02:09:00.414000,0 days 02:09:42.865000,0 days 02:10:05.924000,163.0,161.0,258.0,279.0,False,HARD,20.0,True,Alpine,0 days 02:08:38.897000,,1,4.0,,,False,True,86.99
0 days 02:11:35.796000,OCO,31,0 days 00:01:29.909000,53.0,2.0,,,0 days 00:00:22.997000,0 days 00:00:44.985000,0 days 00:00:21.927000,0 days 02:10:28.921000,0 days 02:11:13.906000,0 days 02:11:35.833000,127.0,158.0,258.0,276.0,False,HARD,21.0,True,Alpine,0 days 02:10:05.887000,,1,4.0,,,False,True,89.909
0 days 02:13:30.343000,OCO,31,0 days 00:01:54.547000,54.0,2.0,,0 days 02:13:06.406000,0 days 00:00:23.739000,0 days 00:00:49.044000,0 days 00:00:41.764000,0 days 02:11:59.572000,0 days 02:12:48.616000,0 days 02:13:30.380000,124.0,128.0,,252.0,False,HARD,22.0,True,Alpine,0 days 02:11:35.796000,,1,6.0,,,False,False,114.547
0 days 02:15:12.722000,OCO,31,0 days 00:01:42.379000,55.0,3.0,0 days 02:13:31.077000,,0 days 00:00:27.678000,0 days 00:00:48.771000,0 days 00:00:25.930000,0 days 02:13:58.058000,0 days 02:14:46.829000,0 days 02:15:12.759000,118.0,143.0,248.0,225.0,False,INTERMEDIATE,1.0,True,Alpine,0 days 02:13:30.343000,,12,3.0,,,False,False,102.379
0 days 02:16:54.477000,OCO,31,0 days 00:01:41.755000,56.0,3.0,,,0 days 00:00:27.052000,0 days 00:00:48.393000,0 days 00:00:26.310000,0 days 02:15:39.811000,0 days 02:16:28.204000,0 days 02:16:54.514000,115.0,142.0,250.0,244.0,False,INTERMEDIATE,2.0,True,Alpine,0 days 02:15:12.722000,,21,3.0,,,False,True,101.755
0 days 02:18:37.031000,OCO,31,0 days 00:01:42.554000,57.0,3.0,,,0 days 00:00:27.398000,0 days 00:00:48.768000,0 days 00:00:26.388000,0 days 02:17:21.912000,0 days 02:18:10.680000,0 days 02:18:37.068000,116.0,136.0,241.0,232.0,False,INTERMEDIATE,3.0,True,Alpine,0 days 02:16:54.477000,,1,3.0,,,False,True,102.554
0 days 02:20:20.760000,OCO,31,0 days 00:01:43.729000,58.0,3.0,,,0 days 00:00:28.006000,0 days 00:00:48.765000,0 days 00:00:26.958000,0 days 02:19:05.074000,0 days 02:19:53.839000,0 days 02:20:20.797000,122.0,134.0,239.0,232.0,False,INTERMEDIATE,4.0,True,Alpine,0 days 02:18:37.031000,,12,3.0,,,False,True,103.729
0 days 02:22:05.762000,OCO,31,0 days 00:01:45.002000,59.0,3.0,,,0 days 00:00:28.519000,0 days 00:00:49.025000,0 days 00:00:27.458000,0 days 02:20:49.316000,0 days 02:21:38.341000,0 days 02:22:05.799000,117.0,134.0,247.0,236.0,False,INTERMEDIATE,5.0,True,Alpine,0 days 02:20:20.760000,,21,3.0,,,False,True,105.002
0 days 02:23:48.289000,OCO,31,0 days 00:01:42.527000,60.0,3.0,,,0 days 00:00:27.474000,0 days 00:00:48.208000,0 days 00:00:26.845000,0 days 02:22:33.273000,0 days 02:23:21.481000,0 days 02:23:48.326000,125.0,131.0,247.0,252.0,False,INTERMEDIATE,6.0,True,Alpine,0 days 02:22:05.762000,,12,3.0,,,False,True,102.527
0 days 02:25:30.919000,OCO,31,0 days 00:01:42.630000,61.0,3.0,,,0 days 00:00:27.675000,0 days 00:00:48.326000,0 days 00:00:26.629000,0 days 02:24:16.001000,0 days 02:25:04.327000,0 days 02:25:30.956000,125.0,131.0,247.0,249.0,False,INTERMEDIATE,7.0,True,Alpine,0 days 02:23:48.289000,,12,3.0,,,False,True,102.63
0 days 02:27:13.058000,OCO,31,0 days 00:01:42.139000,62.0,3.0,,,0 days 00:00:26.974000,0 days 00:00:48.206000,0 days 00:00:26.959000,0 days 02:25:57.930000,0 days 02:26:46.136000,0 days 02:27:13.095000,124.0,132.0,247.0,243.0,False,INTERMEDIATE,8.0,True,Alpine,0 days 02:25:30.919000,,1,3.0,,,False,True,102.139
0 days 02:28:54.181000,OCO,31,0 days 00:01:41.123000,63.0,3.0,,,0 days 00:00:27.172000,0 days 00:00:47.560000,0 days 00:00:26.391000,0 days 02:27:40.267000,0 days 02:28:27.827000,0 days 02:28:54.218000,131.0,136.0,246.0,254.0,False,INTERMEDIATE,9.0,True,Alpine,0 days 02:27:13.058000,,1,3.0,,,False,True,101.123
0 days 02:30:34.556000,OCO,31,0 days 00:01:40.375000,64.0,3.0,,,0 days 00:00:26.700000,0 days 00:00:47.377000,0 days 00:00:26.298000,0 days 02:29:20.918000,0 days 02:30:08.295000,0 days 02:30:34.593000,127.0,138.0,251.0,261.0,False,INTERMEDIATE,10.0,True,Alpine,0 days 02:28:54.181000,,1,3.0,,,False,True,100.375
0 days 02:32:11.585000,OCO,31,0 days 00:01:37.029000,65.0,3.0,,,0 days 00:00:25.727000,0 days 00:00:46.522000,0 days 00:00:24.780000,0 days 02:31:00.320000,0 days 02:31:46.842000,0 days 02:32:11.622000,139.0,143.0,256.0,262.0,False,INTERMEDIATE,11.0,True,Alpine,0 days 02:30:34.556000,,1,3.0,,,False,True,97.029
0 days 02:33:47.041000,OCO,31,0 days 00:01:35.456000,66.0,3.0,,,0 days 00:00:25.530000,0 days 00:00:46.405000,0 days 00:00:23.521000,0 days 02:32:37.152000,0 days 02:33:23.557000,0 days 02:33:47.078000,135.0,144.0,257.0,268.0,False,INTERMEDIATE,12.0,True,Alpine,0 days 02:32:11.585000,,1,3.0,,,False,True,95.456
0 days 02:35:21.498000,OCO,31,0 days 00:01:34.457000,67.0,3.0,,,0 days 00:00:25.149000,0 days 00:00:46.101000,0 days 00:00:23.207000,0 days 02:34:12.227000,0 days 02:34:58.328000,0 days 02:35:21.535000,134.0,146.0,258.0,269.0,False,INTERMEDIATE,13.0,True,Alpine,0 days 02:33:47.041000,,1,3.0,,,False,True,94.457
0 days 02:36:54.982000,OCO,31,0 days 00:01:33.484000,68.0,3.0,,,0 days 00:00:25.296000,0 days 00:00:45.254000,0 days 00:00:22.934000,0 days 02:35:46.831000,0 days 02:36:32.085000,0 days 02:36:55.019000,140.0,153.0,260.0,274.0,False,INTERMEDIATE,14.0,True,Alpine,0 days 02:35:21.498000,,1,3.0,,,False,True,93.484
0 days 02:38:27.483000,OCO,31,0 days 00:01:32.501000,69.0,3.0,,,0 days 00:00:25.211000,0 days 00:00:44.860000,0 days 00:00:22.430000,0 days 02:37:20.230000,0 days 02:38:05.090000,0 days 02:38:27.520000,127.0,151.0,258.0,273.0,False,INTERMEDIATE,15.0,True,Alpine,0 days 02:36:54.982000,,12,3.0,,,False,True,92.501
0 days 02:39:57.783000,OCO,31,0 days 00:01:30.300000,70.0,3.0,,,0 days 00:00:24.509000,0 days 00:00:43.892000,0 days 00:00:21.899000,0 days 02:38:52.029000,0 days 02:39:35.921000,0 days 02:39:57.820000,137.0,162.0,258.0,273.0,False,INTERMEDIATE,16.0,True,Alpine,0 days 02:38:27.483000,,1,3.0,,,False,True,90.3
0 days 02:41:27.810000,OCO,31,0 days 00:01:30.027000,71.0,3.0,,,0 days 00:00:24.271000,0 days 00:00:44.038000,0 days 00:00:21.718000,0 days 02:40:22.091000,0 days 02:41:06.129000,0 days 02:41:27.847000,147.0,160.0,257.0,273.0,False,INTERMEDIATE,17.0,True,Alpine,0 days 02:39:57.783000,,1,3.0,,,False,True,90.027
0 days 02:42:57.351000,OCO,31,0 days 00:01:29.541000,72.0,3.0,,,0 days 00:00:24.138000,0 days 00:00:43.425000,0 days 00:00:21.978000,0 days 02:41:51.985000,0 days 02:42:35.410000,0 days 02:42:57.388000,147.0,169.0,256.0,273.0,False,INTERMEDIATE,18.0,True,Alpine,0 days 02:41:27.810000,,1,3.0,,,False,True,89.541
0 days 02:44:25.017000,OCO,31,0 days 00:01:27.666000,73.0,3.0,,,0 days 00:00:23.161000,0 days 00:00:42.925000,0 days 00:00:21.580000,0 days 02:43:20.549000,0 days 02:44:03.474000,0 days 02:44:25.054000,148.0,169.0,257.0,273.0,False,INTERMEDIATE,19.0,True,Alpine,0 days 02:42:57.351000,,1,3.0,,,False,True,87.666
0 days 02:45:51.729000,OCO,31,0 days 00:01:26.712000,74.0,3.0,,,0 days 00:00:23.073000,0 days 00:00:42.011000,0 days 00:00:21.628000,0 days 02:44:48.127000,0 days 02:45:30.138000,0 days 02:45:51.766000,152.0,177.0,257.0,274.0,False,INTERMEDIATE,20.0,True,Alpine,0 days 02:44:25.017000,,1,3.0,,,False,True,86.712
0 days 02:47:16.862000,OCO,31,0 days 00:01:25.133000,75.0,3.0,,,0 days 00:00:22.446000,0 days 00:00:41.333000,0 days 00:00:21.354000,0 days 02:46:14.212000,0 days 02:46:55.545000,0 days 02:47:16.899000,149.0,181.0,256.0,275.0,False,INTERMEDIATE,21.0,True,Alpine,0 days 02:45:51.729000,,1,3.0,,,False,True,85.133
0 days 02:48:41.696000,OCO,31,0 days 00:01:24.834000,76.0,3.0,,,0 days 00:00:22.199000,0 days 00:00:41.016000,0 days 00:00:21.619000,0 days 02:47:39.098000,0 days 02:48:20.114000,0 days 02:48:41.733000,161.0,185.0,257.0,275.0,False,INTERMEDIATE,22.0,True,Alpine,0 days 02:47:16.862000,,1,3.0,,,False,True,84.834
0 days 02:50:07.936000,OCO,31,0 days 00:01:26.240000,77.0,3.0,,,0 days 00:00:22.726000,0 days 00:00:42.164000,0 days 00:00:21.350000,0 days 02:49:04.459000,0 days 02:49:46.623000,0 days 02:50:07.973000,149.0,183.0,256.0,273.0,False,INTERMEDIATE,23.0,True,Alpine,0 days 02:48:41.696000,,1,3.0,,,False,True,86.24
0 days 02:51:32.167000,OCO,31,0 days 00:01:24.231000,78.0,3.0,,,0 days 00:00:22.298000,0 days 00:00:40.138000,0 days 00:00:21.795000,0 days 02:50:30.271000,0 days 02:51:10.409000,0 days 02:51:32.204000,162.0,183.0,256.0,274.0,False,INTERMEDIATE,24.0,True,Alpine,0 days 02:50:07.936000,,1,3.0,,,False,True,84.231
